"","w_I","w_O","b_IO","b_OI","b_O","t"
"1000 Investments Group Limited ",-0.29,-0.3,-0.44,-0.44,0,-0.54
"11420 Corp. ",-0.69,-0.3,-0.44,-0.44,0,-0.82
"2000 Investment Group Ltd ",-0.69,-0.3,-0.44,-0.44,0,-0.82
"200G PSA Holdings LLC ",-0.69,-0.3,-0.44,-0.44,0,-0.82
"79th Tribunal of Guarantees Control   ",-0.69,-0.3,-0.44,-0.44,0,-0.82
"7th Criminal Guarantee Court of Pichincha ",-0.69,-0.3,-0.44,-0.44,0,-0.82
"A & M Support Group Inc. ",-0.69,-0.3,-0.44,-0.44,0,-0.82
"A little of everything ",-0.69,-0.3,-0.44,-0.44,0,-0.82
"A roof for my country. ",-0.69,-0.3,-0.44,-0.44,0,-0.82
"Abdala Makled García ",-0.69,-0.3,-0.44,-0.44,0,-0.82
"Abdiel Cano & Asociados ",-0.69,-0.3,-0.44,-0.44,0,-0.82
"Abraham Edgardo Ortega ",1.59,-0.69,1.24,-0.44,0,0.02
"Abraham José Shiera Bastidas ",-0.3,-0.69,-0.44,-0.44,0,-0.82
"Absolut Orange Skand, Inc. ",-0.69,-0.3,-0.44,-0.44,0,-0.82
"Activenca, S.A. ",-0.69,-0.3,-0.44,-0.44,0,-0.82
"Ad´oro S.A. ",-0.69,-0.3,-0.44,-0.44,0,-0.82
"Adán Coromoto Chávez Frías  ",-0.69,-0.3,-0.44,-0.44,0,-0.82
"Adar Foundation ",-0.69,-0.3,-0.44,-0.44,0,-0.82
"Adel El Zabayar ",-0.3,-0.69,-0.44,-0.44,0,-0.82
"Administradora Serdeco, C.A. ",-0.69,-0.3,-0.44,-0.44,0,-0.82
"Administrative Service of Identification, Migration and Foreigners  ",-0.69,-0.3,-0.44,-0.44,0,-0.82
"Adnan El Maaz ",-0.69,-0.3,-0.44,-0.44,0,-0.82
"Adrian Antonio Perdomo Mata  ",-0.69,-0.3,-0.44,-0.44,0,-0.82
"Adrián José Velásquez Figueroa ",-0.3,11.64,6.28,6.28,0,12.22
"Adriano Castellanos P ",-0.3,-0.69,-0.44,-0.44,0,-0.82
"Adriatic Global International ",-0.69,-0.3,-0.44,-0.44,0,-0.82
"Aequitas Abogados & Consultores Asociados, S.L ",-0.3,-0.69,-0.44,-0.44,0,-0.82
"AFA Epic 5303, LLC  ",-0.69,-0.3,-0.44,-0.44,0,-0.82
"Agencia Vehículos Especiales Rurales and Urbanos, C.A. ",-0.69,-0.3,-0.44,-0.44,0,-0.82
"Agregados y Servicios del Caribe ASC ",-0.69,-0.3,-0.44,-0.44,0,-0.82
"Airca 5282 S.A. ",-0.69,-0.3,-0.44,-0.44,0,-0.82
"Aire Fresco ",-0.69,-0.3,-0.44,-0.44,0,-0.82
"Aishop, S.A. ",-0.69,-0.3,-0.44,-0.44,0,-0.82
"Aivepet Inspecciones Panama, S.A. ",-0.69,-0.3,-0.44,-0.44,0,-0.82
"Alba Alimentos de El Salvador  ",-0.3,-0.69,-0.44,-0.44,0,-0.82
"Alba Alimentos de Nicaragua S.A. ",-0.69,-0.3,-0.44,-0.44,0,-0.82
"Alba de Nicaragua, S.A.  ",-0.69,-0.3,0.4,-0.44,0,-0.54
"Alba fertilizantes ",-0.3,-0.69,-0.44,-0.44,0,-0.82
"Alba Gas  ",-0.3,-0.69,-0.44,-0.44,0,-0.82
"Alba Pesca ",-0.3,-0.69,-0.44,-0.44,0,-0.82
"Alba Petróleos El Salvador, S.E.M.  ",-0.69,-0.3,-0.44,-0.44,0,-0.82
"Albino Ferreras ",-0.3,-0.69,-0.44,-0.44,0,-0.82
"Alcides Rondón ",1.59,1.7,2.08,1.24,0,2.51
"Alejandra Urdaneta Tovar ",-0.69,-0.3,-0.44,-0.44,0,-0.82
"Alejandro Antonio Fleming Cabrera ",-0.69,-0.3,-0.44,-0.44,0,-0.82
"Alejandro Antonio Quintavalle Yrady ",-0.69,-0.3,-0.44,-0.44,0,-0.82
"Alejandro Constantini Bucarito Keleris ",2.89,-0.3,-0.44,-0.44,0,1.68
"Alejandro Isturiz Chisea ",-0.3,-0.69,-0.44,-0.44,0,-0.82
"Alejandro Javier Levy ",-0.3,-0.69,-0.44,-0.44,0,-0.82
"Alejandro José Andrade Cedeño ",33.71,26.76,52.49,14.68,0,45.79
"Alejandro Miguel León Maal ",-0.69,-0.3,-0.44,-0.44,0,-0.82
"Alejandro Saura Alonso ",-0.3,-0.69,-0.44,-0.44,0,-0.82
"Alejo Morodo Cañeque ",-0.3,-0.69,-0.44,-0.44,0,-0.82
"Alemán, Cordero, Galindo & Lee ",-0.69,-0.3,-0.44,-0.44,0,-0.82
"Alex Nain Saab Morán ",26.15,108.33,46.61,66.77,0,116.82
"Alexander Cortés ",-0.69,-0.3,-0.44,-0.44,0,-0.82
"Alexander Enrique Granko Arteaga ",-0.69,-0.3,-0.44,-0.44,0,-0.82
"Alexis Arellano Meléndez ",-0.3,-0.69,-0.44,-0.44,0,-0.82
"Alexis Enrique Escalona ",-0.69,-0.3,-0.44,-0.44,0,-0.82
"Alfa International S.A. ",-0.69,-0.3,-0.44,-0.44,0,-0.82
"Alfa One C. A. ",-0.69,-0.3,-0.44,-0.44,0,-0.82
"Alfaro, Ferrer & Ramírez ",-0.69,-0.3,-0.44,-0.44,0,-0.82
"Alfonso Garrido Picón ",-0.69,-0.3,-0.44,-0.44,0,-0.82
"Alfonzo Eliezer Gravina Muñoz ",-0.3,-0.69,-0.44,-0.44,0,-0.82
"Alfonzo J. Rodríguez Nava ",-0.3,-0.69,-0.44,-0.44,0,-0.82
"Alfredo Ruiz Angulo ",-0.69,-0.3,-0.44,-0.44,0,-0.82
"Alí Fabricio Paredes ",-0.69,-0.3,-0.44,-0.44,0,-0.82
"Alí Francisco Peña Ruiz ",-0.69,-0.3,-0.44,-0.44,0,-0.82
"Alí Rodríguez Araque ",-0.69,-0.3,-0.44,-0.44,0,-0.82
"Alí Sadr Hashemi Nejad ",-0.3,-0.69,-0.44,-0.44,0,-0.82
"Alimentos Universal Trading Corp. ",-0.69,-0.3,-0.44,-0.44,0,-0.82
"All Food Universal Corp. ",-0.69,-0.3,-0.44,-0.44,0,-0.82
"Allied Capital Fund, Inc ",-0.69,-0.3,-0.44,-0.44,0,-0.82
"Alonso Javier Rodríguez  ",-0.69,-0.3,-0.44,-0.44,0,-0.82
"Alpha 1718 Corporation ",-0.69,-0.3,-0.44,-0.44,0,-0.82
"Alpha Corporation 17, C.A  ",-0.69,-0.3,-0.44,-0.44,0,-0.82
"Alquimia Holdings  ",-0.69,-0.3,-0.44,-0.44,0,-0.82
"Alstom Power Hidro ",-0.69,-0.3,-0.44,-0.44,0,-0.82
"Alvarado, Neil & Arosemena ",-0.69,-0.3,-0.44,-0.44,0,-0.82
"Álvaro Enrique Pulido Vargas ",3.48,13.23,16.36,4.6,0,16.66
"Amelis Figueroa ",-0.69,-0.3,-0.44,-0.44,0,-0.82
"American Quality Professional, S.A ",-0.69,-0.3,-0.44,-0.44,0,-0.82
"Americana De Reaseguros, S.A. ",-0.69,-0.3,-0.44,-0.44,0,-0.82
"Américo Alex Mata García ",-0.3,15.22,-0.44,0.4,0,10.56
"Amir Luis Saab Morán ",-0.69,-0.3,0.4,-0.44,0,-0.54
"Amir Nassar Tayupe ",-0.3,-0.69,-0.44,-0.44,0,-0.82
"Ana Claudia Bermúdez ",-0.69,-0.3,-0.44,-0.44,0,-0.82
"Ancap ",-0.69,-0.3,-0.44,-0.44,0,-0.82
"Andrea Alonzo  ",-0.69,-0.3,-0.44,-0.44,0,-0.82
"Andreína Gámez Rodríguez ",-0.69,-0.3,-0.44,-0.44,0,-0.82
"Andreína Tarazón Bolívar ",-0.69,-0.3,-0.44,-0.44,0,-0.82
"Andrés Eloy Méndez González ",-0.69,-0.3,-0.44,-0.44,0,-0.82
"Andrés Felipe Puyana Fonrodona ",-0.69,-0.3,-0.44,-0.44,0,-0.82
"Andrew Summers ",-0.3,-0.69,-0.44,-0.44,0,-0.82
"Andrína Fuentes Mazei ",-0.69,-0.3,-0.44,-0.44,0,-0.82
"Ángel Antonio del Valle Suárez ",-0.3,-0.69,-0.44,-0.44,0,-0.82
"Ángel Eduardo Martínez ",-0.69,-0.3,-0.44,-0.44,0,-0.82
"Ángel Meza ",-0.69,-0.3,-0.44,-0.44,0,-0.82
"Ángel Rodríguez ",-0.69,-0.3,-0.44,-0.44,0,-0.82
"Anna Lorena Ríos Stanziola ",-0.69,-0.3,-0.44,-0.44,0,-0.82
"Antigua Omega INC. ",-0.69,-0.3,-0.44,-0.44,0,-0.82
"Antonio José Benavides Torres ",-0.69,-0.3,-0.44,-0.44,0,-0.82
"Antonio José Canchica Gómez ",-0.3,-0.69,-0.44,-0.44,0,-0.82
"Antonio Ledezma ",0.1,-0.3,0.4,-0.44,0,0.02
"Antonio Maarraoui ",-0.3,-0.69,-0.44,-0.44,0,-0.82
"Antonio Márquez ",-0.69,-0.3,-0.44,-0.44,0,-0.82
"Arcadio de Jesús Delgado Rosales ",-0.69,-0.3,-0.44,-0.44,0,-0.82
"Arces Trading Corp. ",-0.69,-0.3,-0.44,-0.44,0,-0.82
"Argenis de Jesús Chávez Frías ",-0.69,-0.3,-0.44,-0.44,0,-0.82
"Arias, Fábrega & Fábrega ",-0.69,-0.3,-0.44,-0.44,0,-0.82
"Aristóbulo Istúriz Almeida ",-0.69,-0.3,-0.44,-0.44,0,-0.82
"Arjona, Figueroa, Arrocha & Diaz ",-0.69,-0.3,-0.44,-0.44,0,-0.82
"Armando Alexis Vega Ramírez ",-0.69,-0.3,-0.44,-0.44,0,-0.82
"Armando J. Leiva ",-0.69,-0.3,-0.44,-0.44,0,-0.82
"Armando José Salazar Gibory ",-0.69,-0.3,-0.44,-0.44,0,-0.82
"Armando Vara ",-0.69,-0.3,-0.44,-0.44,0,-0.82
"armandoInfo.com  ",-0.69,-0.3,-0.44,-0.44,0,-0.82
"Arosemena, Abrego & Asociados ",-0.69,-0.3,-0.44,-0.44,0,-0.82
"Arpigra S.A. ",-0.69,-0.3,-0.44,-0.44,0,-0.82
"Asasi Food S.A. ",-0.69,-0.3,-0.44,-0.44,0,-0.82
"Asdrúbal José Chávez Jiménez ",-0.69,-0.3,-0.44,3.76,0,0.57
"Asociación Cooperativa Colosal Xx, Rl ",-0.69,-0.3,-0.44,-0.44,0,-0.82
"Asociación Instituto Schafick Jorge Handal  ",-0.3,-0.69,-0.44,-0.44,0,-0.82
"Asociación Intermunicipal Energía para El Salvador  ",-0.3,-0.69,-0.44,-0.44,0,-0.82
"Astrid Carolina Da Acosta Villalobos ",-0.69,-0.3,-0.44,-0.44,0,-0.82
"Atahualpa Fernández Arbulu ",-0.69,-0.3,-0.44,-0.44,0,-0.82
"Atlas Systems International Inc. ",-0.69,-0.3,-0.44,-0.44,0,-0.82
"Aukan S.A ",-0.69,-0.3,-0.44,-0.44,0,-0.82
"Autonomous Police Institute of the Diego Bautista Urbaneja, Municipality of Anzóategui State  ",-0.69,-0.3,-0.44,-0.44,0,-0.82
"Autonomous Service of Registers and Notaries   ",-0.69,-0.3,-0.44,-0.44,0,-0.82
"Autumn Leaves S.L.  ",-0.69,-0.3,-0.44,-0.44,0,-0.82
"Bac Florida Bank ",-0.3,-0.69,-0.44,-0.44,0,-0.82
"Baker Tilland Hong Kong Corporate Service Limited ",-0.3,-0.69,-0.44,-0.44,0,-0.82
"Baltasar Garzón ",-0.69,-0.3,-0.44,-0.44,0,-0.82
"Baluja International Limited ",-0.69,-0.3,-0.44,-0.44,0,-0.82
"Banco Agrícola de Venezuela C.A.,  Universal Bank ",-0.69,-0.3,-0.44,-0.44,0,-0.82
"Banco Bicentenario Banco Universal, C.A. ",-0.69,-0.3,-0.44,-0.44,0,-0.82
"Banco Central de Venezuela ",-0.69,-0.3,-0.44,-0.44,0,-0.82
"Banco Central de Venezuela  ",-0.3,0.5,13.84,-0.44,0,4.73
"Banco de Desarrollo Económico y Social de Venezuela  ",9.15,7.27,16.36,2.92,0,12.78
"Banco de Fomento Regional Los Andes C.A  ",-0.69,-0.3,-0.44,-0.44,0,-0.82
"Banco de Madrid ",-0.69,-0.3,-0.44,-0.44,0,-0.82
"Banco de Venezuela S.A ",-0.69,-0.3,-0.44,-0.44,0,-0.82
"Banco del Alba ",-0.69,-0.3,-0.44,-0.44,0,-0.82
"Banco del Pueblo Soberano, C.A. Development Bank  ",-0.69,-0.3,-0.44,-0.44,0,-0.82
"Banco Espírito Santo ",-0.3,-0.69,0.4,-0.44,0,-0.54
"Banco Industrial de Venezuela, C.A.  ",-0.69,-0.3,-0.44,-0.44,0,-0.82
"Banco Peravia ",-0.69,-0.3,-0.44,-0.44,0,-0.82
"Banco San Juan International  ",-0.3,-0.69,-0.44,-0.44,0,-0.82
"Banco Suizo Ubs ",-0.69,-0.3,-0.44,-0.44,0,-0.82
"BANDES Uruguay ",-0.29,-0.3,-0.44,0.4,0,-0.26
"Bank of Treasury ",-0.69,-0.3,-0.44,-0.44,0,-0.82
"Bárbara Catarina Figueira Vara ",-0.69,-0.3,-0.44,-0.44,0,-0.82
"Bárbara Gabriela César Siero ",-0.69,-0.3,-0.44,-0.44,0,-0.82
"Bariven ",-0.69,-0.3,-0.44,-0.44,0,-0.82
"Baru Overseas Investment,S.A. ",-0.69,-0.3,-0.44,-0.44,0,-0.82
"Basel Makled El Chaer ",-0.69,-0.3,-0.44,-0.44,0,-0.82
"Baychester Investments S.A. ",-0.3,-0.29,1.24,-0.44,0,0.02
"Beford Investments S.A. ",-0.3,-0.69,0.4,-0.44,0,-0.54
"Benito Chinea ",-0.3,-0.69,-0.44,-0.44,0,-0.82
"Bernal & Bernal ",-0.69,-0.3,-0.44,-0.44,0,-0.82
"Bicentenario Grocery Network ",-0.69,-0.3,-0.44,-0.44,0,-0.82
"Binational Mining Corporation Turkey  - Venezuela  ",-0.69,-0.3,-0.44,-0.44,0,-0.82
"Bioarts S.A. ",-0.3,-0.69,-0.44,-0.44,0,-0.82
"Bladimir Flores ",-0.69,-0.3,-0.44,-0.44,0,-0.82
"Bladimir Humberto Lugo Armas ",-0.69,-0.3,-0.44,-0.44,0,-0.82
"Bleu Tel S.A. ",7.26,0.5,5.44,1.24,0,3.62
"Blt Law & Tax ",-0.69,-0.3,-0.44,-0.44,0,-0.82
"Blue Bank International N.Y. ",-0.3,-0.69,-0.44,-0.44,0,-0.82
"Bluelane Overseas S.A. ",-0.69,-0.3,-0.44,-0.44,0,-0.82
"BMS Invesment ",-0.69,-0.3,-0.44,-0.44,0,-0.82
"Board of Governors of the OPEC Fund  ",-0.69,-0.3,-0.44,-0.44,0,-0.82
"Bobby Benton ",-0.3,-0.69,-0.44,-0.44,0,-0.82
"Bogasa Associated Group INC ",-0.69,-0.3,-0.44,-0.44,0,-0.82
"Bogasa International Investment LLC ",-0.69,-0.3,-0.44,-0.44,0,-0.82
"Bogasa Intl Investment Group Corp ",-0.69,-0.3,-0.44,-0.44,0,-0.82
"Boies Schiller Flexner Llp ",-0.69,-0.3,-0.44,-0.44,0,-0.82
"Bolívar - Artigas fund  ",-0.69,-0.3,-0.44,-0.44,0,-0.82
"Bolivarian Agency for Space Activities     ",-0.69,-0.3,-0.44,-0.44,0,-0.82
"Bolivarian Service of National Inteligence  ",-0.69,-0.3,-0.44,-0.44,0,-0.82
"Bolivia Entretenida S.R.L ",-0.69,-0.3,-0.44,-0.44,0,-0.82
"Bolivia Inversiones Gastronómicas S.A. Bigasa  ",-0.69,-0.3,-0.44,-0.44,0,-0.82
"Bonorva Investments S.L.  ",-0.69,-0.3,-0.44,-0.44,0,-0.82
"Brambech Inc. ",-0.69,-0.3,-0.44,-0.44,0,-0.82
"Bruce Bagley ",-0.3,-0.69,-0.44,-0.44,0,-0.82
"Brumby Shipholding S.A. ",-0.69,-0.3,-0.44,-0.44,0,-0.82
"Bsi SA ",-0.69,-0.3,-0.44,-0.44,0,-0.82
"Bufete Mf & Co. ",-0.69,-0.3,-0.44,-0.44,0,-0.82
"Bureau de Monétisation des Programmes d’Aide au Développement  ",-0.69,-0.3,-0.44,-0.44,0,-0.82
"Burocad ",-0.69,-0.3,-0.44,-0.44,0,-0.82
"Byron Espinosa Barreros ",-0.3,-0.69,-0.44,-0.44,0,-0.82
"C.A. Metro de Caracas ",-0.69,-0.3,-0.44,-0.44,0,-0.82
"C.A. Metro de los Teques  ",-0.69,-0.3,-0.44,-0.44,0,-0.82
"C.A. Venezuela de Televisión  ",-0.69,-0.3,-0.44,-0.44,0,-0.82
"Cadena de Tiendas Venezolanas S.A.  ",-0.3,-0.69,-0.44,-0.44,0,-0.82
"Calabria Overseas S.A. ",-0.69,-0.3,-0.44,-0.44,0,-0.82
"Calandra Business S.A.  ",-0.69,-0.3,-0.44,-0.44,0,-0.82
"Calixto Antonio Ortega Ríos ",-0.69,-0.3,-0.44,-0.44,0,-0.82
"Camarena, Morales & Vega ",-0.69,-0.3,-0.44,-0.44,0,-0.82
"Camilla Fabri ",-0.69,-0.3,-0.44,-0.44,0,-0.82
"Camilo Ibrahim Issa ",-0.69,-0.3,-0.44,-0.44,0,-0.82
"Campo Elías Páez ",-0.3,-0.69,-0.44,-0.44,0,-0.82
"Capeli Industry, S.A ",-0.69,-0.3,-0.44,-0.44,0,-0.82
"Capital Investments Inversoja ",-0.69,-0.3,-0.44,-0.44,0,-0.82
"Car Spot Panama, Corp ",-0.69,-0.3,-0.44,-0.44,0,-0.82
"Caracas International Banking Corporation ",-0.69,-0.3,-0.44,-0.44,0,-0.82
"Carandl Landnn Bertho de Acosta ",-0.69,-0.3,-0.44,-0.44,0,-0.82
"Carbozulia International, Inc. ",-0.69,-0.3,-0.44,-0.44,0,-0.82
"Carlo Investments Associates, INC. ",-0.69,-0.3,-0.44,-0.44,0,-0.82
"Carlos Alberto Calderón Chirinos ",-0.69,-0.3,-0.44,-0.44,0,-0.82
"Carlos Alberto Levy ",1.59,-0.69,0.4,-0.44,0,-0.26
"Carlos Alberto Osorio Zambrano ",7.27,-0.3,0.4,-0.44,0,5.01
"Carlos Alberto Rotondaro Cova ",-0.69,5.35,-0.44,12.16,0,4.18
"Carlos Alfredo Pérez Ampueda ",8.87,-0.3,2.08,-0.44,0,6.68
"Carlos Eduardo Borges Polar ",-0.69,-0.3,-0.44,-0.44,0,-0.82
"Carlos Eduardo Urbano Fermín ",-0.69,-0.3,-0.44,-0.44,0,-0.82
"Carlos Enrique Luengo Herrera ",-0.3,-0.69,-0.44,-0.44,0,-0.82
"Carlos Enrique Quintero Cuevas ",-0.69,-0.3,-0.44,-0.44,0,-0.82
"Carlos Enrique Urbano Fermín ",-0.3,4.88,-0.44,-0.44,0,3.07
"Carlos Erik Malpica Flores ",147.49,1.59,13,33.17,0,118.21
"Carlos Esteban Urbano Fermín ",-0.69,-0.3,-0.44,-0.44,0,-0.82
"Carlos Evelio Malpica Torrealba ",2.49,-0.3,-0.44,-0.44,0,1.4
"Carlos Gill Ramírez ",-0.69,-0.3,-0.44,-0.44,0,-0.82
"Carlos José Mata Figueroa ",-0.69,-0.3,-0.44,-0.44,0,-0.82
"Carlos Kauffmann ",-0.3,-0.69,-0.44,-0.44,0,-0.82
"Carlos Leal Tellería ",-0.69,-0.3,-0.44,-0.44,0,-0.82
"Carlos León ",-0.69,-0.3,-0.44,-0.44,0,-0.82
"Carlos Luis Aguilera Borjas ",-0.3,15.22,-0.44,14.68,0,15.28
"Carlos Mario Piano ",-0.69,-0.3,-0.44,-0.44,0,-0.82
"Carlos Ocariz ",-0.69,-0.3,-0.44,-0.44,0,-0.82
"Carlos Pésantez  ",-0.69,-0.3,-0.44,-0.44,0,-0.82
"Carlos Prada ",-0.3,-0.69,-0.44,-0.44,0,-0.82
"Carlos Rolando Lizcano Manrique ",-0.69,-0.3,-0.44,-0.44,0,-0.82
"Carlos Santos Silva ",-0.69,-0.3,-0.44,-0.44,0,-0.82
"Carlos Serret Sugrañez ",-0.3,-0.69,-0.44,-0.44,0,-0.82
"Carmelo Antonio Urdaneta Aquí ",7.26,6.07,11.32,2.92,0,10
"Carmen Cecilia Molina Díaz ",-0.69,-0.3,-0.44,-0.44,0,-0.82
"Carmen J. Pinto De Leiva ",-0.69,-0.3,-0.44,-0.44,0,-0.82
"Carmen Teresa Meléndez Rivas ",2.89,-0.3,-0.44,-0.44,0,1.68
"Carmen Zuleta de Merchán ",-0.69,-0.3,-0.44,-0.44,0,-0.82
"Carol Padilla ",-0.69,-0.3,-0.44,-0.44,0,-0.82
"Carolina Cróquer de González ",-0.69,-0.3,-0.44,-0.44,0,-0.82
"Casas & López Fábrega ",-0.69,-0.3,-0.44,-0.44,0,-0.82
"Castillo Max, Oil & Gas ",-0.69,-0.3,-0.44,-0.44,0,-0.82
"Castillomax, Oil & Gas S.A. ",-0.69,-0.3,-0.44,-0.44,0,-0.82
"Ceciree Carolina Casanova Rangel ",-0.3,-0.69,-0.44,-0.44,0,-0.82
"Center of Scientific Investigations Alba Oil  ",-0.3,-0.69,-0.44,-0.44,0,-0.82
"Central Berfort S.A. ",9.15,-0.69,-0.44,2.08,0,1.4
"Central Planning Commission ",-0.69,-0.3,-0.44,-0.44,0,-0.82
"Centro Simón Bolívar C.A. ",-0.69,-0.3,-0.44,-0.44,0,-0.82
"Centurion Air Cargo, Inc ",-0.69,-0.3,-0.44,-0.44,0,-0.82
"César David Godoy ",-0.69,-0.3,-0.44,-0.44,0,-0.82
"César David Rincón Godoy ",-0.3,0.5,1.24,-0.44,0,0.57
"César Ramón Vega González ",-0.69,-0.3,-0.44,-0.44,0,-0.82
"Ceuf Corporation Limited S.A. ",-0.69,-0.3,-0.44,-0.44,0,-0.82
"Chai Wan Digital Limited ",-0.3,-0.29,1.24,-0.44,0,0.02
"Charles-Henry de Beaumont ",-0.69,-0.3,-0.44,-0.44,0,-0.82
"Charles Henry Du Boscq De Beaumont ",-0.3,-0.69,-0.44,-0.44,0,-0.82
"Charles Quintard III Beech ",-0.69,-0.3,-0.44,-0.44,0,-0.82
"Charter Services, Llc ",-0.69,-0.3,-0.44,-0.44,0,-0.82
"CHCL Resident Agents Services ",-0.69,-0.3,-0.44,-0.44,0,-0.82
"Cheddleton Investments Corp. ",-0.69,-0.3,-0.44,-0.44,0,-0.82
"China Camco Engineering Co Ltd ",-0.3,-0.69,-0.44,-0.44,0,-0.82
"China Royal Industrial Limited ",-0.69,-0.3,-0.44,-0.44,0,-0.82
"Christian Javier Maldonado Barillas ",-0.3,-0.69,-0.44,-0.44,0,-0.82
"Christian Tandrone Zerpa ",-0.69,-0.3,-0.44,-0.44,0,-0.82
"Christian Tyrone Zerpa ",-0.69,-0.3,-0.44,-0.44,0,-0.82
"Cici Venezuela C ",-0.3,-0.69,-0.44,-0.44,0,-0.82
"Cilia Adela Flores de Maduro ",1.3,3.47,0.4,7.96,0,4.18
"Citgo Petroleum Corporation ",-0.69,-0.3,-0.44,-0.44,0,-0.82
"Claudia Patricia Díaz Guillén ",24.26,25.17,35.69,11.32,0,36.64
"Claudio A. Di Genova ",-0.3,-0.69,-0.44,-0.44,0,-0.82
"Claudio Uberti ",3.48,-0.69,1.24,-0.44,0,0.29
"Clio Management Corp. ",-0.69,1.59,-0.44,-0.44,0,-0.54
"Cliver Alcalá Cordones ",-0.69,-0.3,-0.44,-0.44,0,-0.82
"Clíver Antonio Alcalá Cordones ",-0.3,-0.29,-0.44,-0.44,0,-0.54
"Cofac ",-0.69,-0.3,-0.44,-0.44,0,-0.82
"College I ",-0.69,-0.3,-0.44,-0.44,0,-0.82
"Colonial Group, Inc. ",-0.3,-0.69,-0.44,-0.44,0,-0.82
"Colonial Oil Industries, Inc. ",-0.3,-0.69,-0.44,-0.44,0,-0.82
"Columbus Hills ",-0.69,-0.3,-0.44,-0.44,0,-0.82
"Columbus One Properties ",-0.69,-0.3,-0.44,-0.44,0,-0.82
"Columbus One Properties Commercial Real Estate 1 ",-0.69,-0.3,-0.44,-0.44,0,-0.82
"Columbus One Properties Commercial Real Estate 2 S.L.  ",-0.69,-0.3,-0.44,-0.44,0,-0.82
"Columbus One Properties Healthcare Facilities 1 S.L.  ",-0.69,-0.3,-0.44,-0.44,0,-0.82
"Columbus One Properties Hotels S.L. ",-0.69,-0.3,-0.44,-0.44,0,-0.82
"Columbus One Properties Management S.L. ",-0.69,-0.3,-0.44,-0.44,0,-0.82
"Columbus One Properties S.L. ",-0.69,-0.3,-0.44,-0.44,0,-0.82
"Columbus Properties One ",-0.3,-0.69,-0.44,-0.44,0,-0.82
"Comec Industry, S.A ",-0.69,-0.3,-0.44,-0.44,0,-0.82
"Comercializadora Nates S.A.S. ",-0.69,-0.3,-0.44,-0.44,0,-0.82
"Comisión Nacional de Telecomunicaciones  ",-0.69,-0.3,-0.44,-0.44,0,-0.82
"Commerce and Industry Chamber Venezuela - Germany  ",-0.69,-0.3,-0.44,-0.44,0,-0.82
"Compagnie Bancaire Helvétique ",-0.69,-0.3,-0.44,-0.44,0,-0.82
"Compañía de Distribución de Productos e Insumos Venezuela Productiva C.A. ",-0.69,-0.3,-0.44,-0.44,0,-0.82
"Compañía de Inversiones Agrícolas Triestre S.L. ",-0.69,-0.3,-0.44,-0.44,0,-0.82
"Compañía de Mecanizado Agrícola y Transporte Pedro Camejo S.A. ",-0.69,-0.3,-0.44,-0.44,0,-0.82
"Compañía General de Minería de Venezuela C.A.  ",-0.69,-0.3,-0.44,-0.44,0,-0.82
"Compañía Socialista Ganadera Agroecológica Bravos de Apure, S.A. ",-0.69,-0.3,-0.44,-0.44,0,-0.82
"Comtech Solutions and Investments, INC ",-0.69,-0.3,-0.44,-0.44,0,-0.82
"Conciencia Televisión Foundation  ",-0.69,-0.3,-0.44,-0.44,0,-0.82
"Concrete del Caribe GUF ",-0.69,-0.3,-0.44,-0.44,0,-0.82
"Conphener ",-0.69,-0.3,-0.44,-0.44,0,-0.82
"Constello Inc.  ",-0.69,-0.3,-0.44,-0.44,0,-0.82
"Constello No. 1 Corporation ",-0.69,-0.3,-0.44,-0.44,0,-0.82
"Constituent Assembly ",-0.69,-0.3,-0.44,-0.44,0,-0.82
"Construcciones y Asfalto San Antonio C.A.  ",-0.69,-0.3,-0.44,-0.44,0,-0.82
"Constructions del Caribe GUF ",-0.69,-0.3,-0.44,-0.44,0,-0.82
"Constructora Gómez Núñez Bolivia S.A. ",-0.69,-0.3,-0.44,-0.44,0,-0.82
"Constructora International Del Sur S.A.  ",-0.69,-0.3,-0.44,-0.44,0,-0.82
"Constructora M and R  ",-0.69,-0.3,-0.44,-0.44,0,-0.82
"Constructora Urbano Fermín C.A.  ",-0.29,-0.3,-0.44,-0.44,0,-0.54
"Consultores Técnicos Empresariales  ",-0.3,-0.69,-0.44,-0.44,0,-0.82
"Continental Booking & Travel S.A. ",-0.69,-0.3,-0.44,-0.44,0,-0.82
"Continental Medica, C.A. ",-0.69,-0.3,-0.44,-0.44,0,-0.82
"Coordinadora y Asesora de Proyectos  ",-0.3,-0.69,-0.44,-0.44,0,-0.82
"Coosud Telecomunicaciones S.A. ",-0.3,-0.69,0.4,-0.44,0,-0.54
"Corpomedios LLC ",-0.69,-0.3,-0.44,-0.44,0,-0.82
"Corporación de Abastecimiento y Servicios Agrícolas, S.A.  ",-0.69,-0.3,-0.44,-0.44,0,-0.82
"Corporación de Desarrollo de la Cuenca Del Río Tuy Francisco de Miranda, S.A.  ",-0.69,-0.3,-0.44,-0.44,0,-0.82
"Corporación de Industrias Intermedias de Venezuela S.A.  ",-0.69,-0.3,-0.44,-0.44,0,-0.82
"Corporación de Servicios de Vigilancia and Seguridad, S.A.  ",-0.69,-0.3,-0.44,-0.44,0,-0.82
"Corporación Gulfos S.A. ",-0.69,-0.3,-0.44,-0.44,0,-0.82
"Corporación Gulfos Sa ",-0.3,-0.69,-0.44,-0.44,0,-0.82
"Corporación Industrial para la Energía Eléctrica  S.A.,  ",-0.69,-0.3,-0.44,-0.44,0,-0.82
"Corporacion Margamara S.A. ",-0.69,-0.3,-0.44,-0.44,0,-0.82
"Corporación Socialista Del Sector Automotor C.A. ",-0.69,-0.3,-0.44,-0.44,0,-0.82
"Corporación Venezolana de Alimentos, S.A.  ",-0.69,-0.3,-0.44,-0.44,0,-0.82
"Corporación Venezolana de Minería, S.A. ",-0.69,-0.3,-0.44,-0.44,0,-0.82
"Corporación Venezuela De Comercio Exterior, S.A.  ",-0.69,-0.3,-0.44,-0.44,0,-0.82
"Corporación Venezuela De Telecomunicaciones, S.A.  ",-0.69,-0.3,-0.44,-0.44,0,-0.82
"Corporate Service Limited ",-0.3,-0.69,-0.44,-0.44,0,-0.82
"Corporation of Central Region Development  ",-0.69,-0.3,-0.44,-0.44,0,-0.82
"Corporation of Development for Zulia Region  ",-0.69,-0.3,-0.44,-0.44,0,-0.82
"Cosaco Panama, S.A. ",-0.69,-0.3,-0.44,-0.44,0,-0.82
"Cosaco, Inc. ",-0.69,-0.3,-0.44,-0.44,0,-0.82
"CostaPetrol Oil and Gas ",-0.69,-0.3,-0.44,-0.44,0,-0.82
"Crasqui Holding, Inc. ",-0.69,-0.3,-0.44,-0.44,0,-0.82
"Cristian Abelardo Morales Zambrano ",-0.69,-0.3,-0.44,-0.44,0,-0.82
"Currency Administration Commission  ",-0.69,-0.3,-0.44,-0.44,0,-0.82
"CVG Aluminios Nationales, S.A.  ",-0.69,-0.3,-0.44,-0.44,0,-0.82
"CVG Telecomunicaciones, C.A.  ",-0.69,-0.3,-0.44,-0.44,0,-0.82
"Cynthia Eugenia Certain Ospina ",0.9,-0.3,0.4,1.24,0,1.13
"Dainty Properties Limited ",-0.69,-0.3,-0.44,-0.44,0,-0.82
"Damaris del Carmen Hurtado Pérez ",-0.69,-0.3,-0.44,-0.44,0,-0.82
"Daniel Alejandro Morales Santoro ",-0.3,-0.69,-0.44,-0.44,0,-0.82
"Daniel Aponte ",-0.69,-0.3,-0.44,-0.44,0,-0.82
"Daniel David Uzcátegui Specht ",-0.69,-0.3,-0.44,-0.44,0,-0.82
"Daniel Esgardo Rangel Baron ",-0.69,-0.3,-0.44,-0.44,0,-0.82
"Daniel Lutz ",-0.3,-0.69,-0.44,-0.44,0,-0.82
"Daniel Uzcátegui Specht ",-0.3,-0.69,-0.44,-0.44,0,-0.82
"Dante Rafael Rivas Quijada ",-0.69,-0.3,-0.44,-0.44,0,-0.82
"Darío Ramírez Foundation  ",-0.69,-0.3,-0.44,-0.44,0,-0.82
"Darío Ramiro Mario Ale Iturralde ",-0.3,-0.69,-0.44,-0.44,0,-0.82
"Darío Ramón Vivas Velasco ",-0.69,-0.3,-0.44,-0.44,0,-0.82
"Darlly Rodríguez ",-0.69,-0.3,-0.44,-0.44,0,-0.82
"Darwin Enrique Padron Acosta ",-0.3,-0.69,-0.44,-0.44,0,-0.82
"Davark LLC ",-0.69,-0.3,-0.44,-0.44,0,-0.82
"David Nicolás Rubio González ",0.5,1.59,0.4,2.08,0,1.4
"Daysy Teresa Rafoi-Bleuler ",-0.3,-0.69,-0.44,-0.44,0,-0.82
"Dbm Panama, S.A. ",-0.69,-0.3,-0.44,-0.44,0,-0.82
"De La Fuente & Saldaña Lawyers ",-0.69,-0.3,-0.44,-0.44,0,-0.82
"Del Bros Overseas S,A ",-0.69,-0.3,-0.44,-0.44,0,-0.82
"Del Este Foundation  ",-0.69,-0.3,-0.44,-0.44,0,-0.82
"Delcy Eloína Rodríguez Gómez ",-0.69,-0.3,-0.44,-0.44,0,-0.82
"Delta Amacuro State Government  ",-0.69,-0.3,-0.44,-0.44,0,-0.82
"Department of Justice of USA  ",-0.69,-0.3,-0.44,-0.44,0,-0.82
"Derwick Associates ",-0.3,5.28,9.64,-0.44,0,6.68
"Derwick Oil and Gas Corporation  ",-0.69,-0.3,-0.44,-0.44,0,-0.82
"Desiré David Obadía Medionies ",4.49,-0.3,-0.44,-0.44,0,2.79
"Devis José Mendoza ",-0.69,-0.3,-0.44,-0.44,0,-0.82
"DHK Finance Inc. ",-0.69,-0.3,-0.44,-0.44,0,-0.82
"DI Capital Group, Inc ",-0.69,-0.3,-0.44,-0.44,0,-0.82
"Diagrin   ",-0.3,-0.69,-0.44,-0.44,0,-0.82
"Dialysis Care Corporation,S.A. ",-0.69,-0.3,-0.44,-0.44,0,-0.82
"Diamanven Corp. ",-0.69,-0.3,-0.44,-0.44,0,-0.82
"Diana Industries ",-0.69,-0.3,-0.44,-0.44,0,-0.82
"Diego Adolfo Marynberg ",0.5,-0.3,-0.44,-0.44,0,0.02
"Diego Alejandro Villarroel Atella ",-0.69,-0.3,-0.44,-0.44,0,-0.82
"Diego Alfredo Molero Bellavia ",-0.69,-0.3,-0.44,-0.44,0,-0.82
"Diego Bautista Uzcátegui Matheus ",-0.3,-0.69,-0.44,-0.44,0,-0.82
"Diego Federico Levy ",-0.3,-0.69,-0.44,-0.44,0,-0.82
"Diego Pérez Henao ",-0.69,-0.3,-0.44,-0.44,0,-0.82
"Diego Salazar Carreño ",22.37,-0.69,26.45,-0.44,0,11.39
"Diego Salazar Foundation ",-0.69,-0.3,-0.44,-0.44,0,-0.82
"Dimaco Technology ,S.A ",-0.69,-0.3,-0.44,-0.44,0,-0.82
"Dinero Latino Corp ",-0.69,-0.3,-0.44,-0.44,0,-0.82
"Diosdado Cabello Rondón ",11.04,15.22,32.33,6.28,0,24.99
"Dirca S.A ",-0.69,-0.3,-0.44,-0.44,0,-0.82
"Distribución y Explotación de Maíz, C.A. ",-0.69,-0.3,-0.44,-0.44,0,-0.82
"District Court of USA ",-0.69,-0.3,-0.44,-0.44,0,-0.82
"Ditter José Marcano ",-0.69,-0.3,-0.44,-0.44,0,-0.82
"Diving Services & Marine Construction ",-0.69,-0.3,-0.44,-0.44,0,-0.82
"Dmi Trading Inc. ",-0.69,-0.3,-0.44,-0.44,0,-0.82
"Dockland Argentina ",-0.69,-0.3,-0.44,-0.44,0,-0.82
"Dockland Properties ",-0.69,-0.3,-0.44,-0.44,0,-0.82
"Domingo Enrique Cirillo ",-0.3,-0.69,-0.44,-0.44,0,-0.82
"Domingo Ramón Valecillo Pérez ",-0.69,-0.3,-0.44,-0.44,0,-0.82
"Dominican Republic Judicial Power  ",-0.69,-0.3,-0.44,-0.44,0,-0.82
"Donato Pausides Morales ",-0.3,-0.69,-0.44,-0.44,0,-0.82
"Donm, Inc. ",-0.69,-0.3,-0.44,-0.44,0,-0.82
"Dora Teresita Bacigalupi de Levy ",-0.3,-0.69,-0.44,-0.44,0,-0.82
"Douglas Arnoldo Rico González ",-0.69,-0.3,-0.44,-0.44,0,-0.82
"Doux Frangosul Agro Avicola Industrial S.A. ",-0.69,-0.3,-0.44,-0.44,0,-0.82
"Drogueria Distribuidora de Productos Medicos, S.A.  ",-0.69,-0.3,-0.44,-0.44,0,-0.82
"Drug Enforcement Administration  ",-0.69,-0.3,-0.44,-0.44,0,-0.82
"DT Investments and Consulting CV  ",-0.69,-0.3,-0.44,-0.44,0,-0.82
"Durling & Durling ",-0.69,-0.3,-0.44,-0.44,0,-0.82
"Duro Felguera ",-0.3,-0.69,0.4,-0.44,0,-0.54
"Dynamic International Company Inc. ",-0.69,-0.3,-0.44,-0.44,0,-0.82
"Eagle Universal Corp. ",-0.69,-0.3,-0.44,-0.44,0,-0.82
"Earle Herrera ",-0.69,-0.3,-0.44,-0.44,0,-0.82
"Eaton Global Services ",-0.69,-0.3,-0.44,-0.44,0,-0.82
"Edai Patrimonial Foundation  ",-0.69,-0.3,-0.44,-0.44,0,-0.82
"Edandlberto José Molina Molina ",-0.69,-0.3,-0.44,-0.44,0,-0.82
"Eddie Elizabeth Betancourt Romero ",-0.3,-0.69,-0.44,-0.44,0,-0.82
"Edgar Alberto Sarría Díaz ",-0.29,-0.3,-0.44,-0.44,0,-0.54
"Edgar Hernández Behrens ",-0.69,-0.3,-0.44,-0.44,0,-0.82
"Edgar Romero Lazo ",-0.69,-0.3,-0.44,-0.44,0,-0.82
"Edgardo Javier Matteo Barsallo ",-0.69,-0.3,-0.44,-0.44,0,-0.82
"Edoardo Orsoni ",-0.3,-0.69,-0.44,-0.44,0,-0.82
"Eduardo Manuitt Carpio ",0.5,-0.3,-0.44,-0.44,0,0.02
"Eduardo Piñate ",-0.69,-0.3,-0.44,-0.44,0,-0.82
"Eduardo Yépez  ",-0.69,-0.3,-0.44,-0.44,0,-0.82
"Edwin Antonio Rojas Mata ",-0.69,-0.3,-0.44,-0.44,0,-0.82
"Edwin Durán ",-0.3,-0.69,-0.44,-0.44,0,-0.82
"Edwin Porro  ",-0.69,-0.3,-0.44,-0.44,0,-0.82
"Edylberto José Molina Molina ",-0.3,-0.69,-0.44,0.4,0,-0.54
"Efg International A.G. ",-0.3,-0.69,-0.44,-0.44,0,-0.82
"Efrain Antonio Campos Flores ",-0.3,2.49,-0.44,1.24,0,1.96
"Egli Antonio Ramírez Coronado ",-0.3,-0.69,-0.44,-0.44,0,-0.82
"Egly Antonio Ramírez Coronado ",-0.69,-0.3,-0.44,-0.44,0,-0.82
"Eiffel Real State ",-0.69,-0.3,-0.44,-0.44,0,-0.82
"Ekkotrade Solutions ",-0.69,-0.3,-0.44,-0.44,0,-0.82
"Ekosoltec Group S.A. ",-0.69,-0.3,-0.44,-0.44,0,-0.82
"El Día Corporation ",-0.29,-0.3,1.24,-0.44,0,0.02
"El supremo sueño de Bolívar Refinery ",-0.69,-0.3,-0.44,-0.44,0,-0.82
"El Universal Diary ",-0.69,-0.3,-0.44,-0.44,0,-0.82
"Elecnor ",-0.69,-0.3,-0.44,-0.44,0,-0.82
"Electricity of Caracas ",-0.3,-0.69,-0.44,-0.44,0,-0.82
"Electrocables ",-0.69,-0.3,-0.44,-0.44,0,-0.82
"Eliana Cortés ",-0.69,-0.3,-0.44,-0.44,0,-0.82
"Elías José Jaua Milano ",-0.69,-0.3,-0.44,-0.44,0,-0.82
"Elita Del Valle Zacarías Díaz ",-0.69,-0.3,-0.44,-0.44,0,-0.82
"Elm Import ",-0.69,-0.3,-0.44,-0.44,0,-0.82
"Eloisa Flores de Malpica ",1.7,-0.3,-0.44,-0.44,0,0.85
"Elpidio Jesús Peréz Chirinos ",-0.69,-0.3,-0.44,-0.44,0,-0.82
"Elvis Eduardo Hidrobo Amoroso ",-0.69,-0.3,-0.44,-0.44,0,-0.82
"Emanuel Alejandro Andrade Colmenares ",-0.69,-0.3,-0.44,-0.44,0,-0.82
"Embassy of Spain ",-0.69,-0.3,-0.44,-0.44,0,-0.82
"Embassy of the United Kingdom of Great Britain ",-0.69,-0.3,-0.44,-0.44,0,-0.82
"Emmanuel Enrique Rubio González ",-0.69,-0.3,-0.44,-0.44,0,-0.82
"Enarsa ",-0.69,-0.3,-0.44,-0.44,0,-0.82
"Endes José Palencia Ortiz ",-0.69,-0.3,-0.44,-0.44,0,-0.82
"Energetic Marketer Guf, S.A. ",-0.69,-0.3,-0.44,-0.44,0,-0.82
"Energía Orgánica  ",-0.3,-0.69,-0.44,-0.44,0,-0.82
"Energor S.A. de C.V. ",-0.3,-0.69,-0.44,-0.44,0,-0.82
"Energy Business Uf, S.A.  ",-0.69,-0.3,-0.44,-0.44,0,-0.82
"Enersa ",-0.69,-0.3,-0.44,-0.44,0,-0.82
"Enrique Alberto Chacín Bello ",-0.69,-0.3,-0.44,-0.44,0,-0.82
"Enstrap ",-0.69,-0.3,-0.44,-0.44,0,-0.82
"Entrepreneur Development Program  ",-0.69,-0.3,0.4,-0.44,0,-0.54
"Erika Albornoz Gavidia  ",-0.69,-0.3,-0.44,-0.44,0,-0.82
"Erika del Valle Farías Peña ",-0.69,-0.3,-0.44,-0.44,0,-0.82
"Ernesto Lujan ",-0.3,-0.69,-0.44,-0.44,0,-0.82
"Ernesto Villegas ",0.5,-0.3,-0.44,-0.44,0,0.02
"Esaica ",-0.69,-0.3,-0.44,-0.44,0,-0.82
"Escastell ",-0.3,-0.69,-0.44,-0.44,0,-0.82
"Escom Limited Inc. ",-0.69,-0.3,-0.44,-0.44,0,-0.82
"Esolar Haiti ",-0.69,-0.3,-0.44,-0.44,0,-0.82
"Esperanza Arrellano ",-0.69,-0.3,-0.44,-0.44,0,-0.82
"Estela Gómez Sánchez ",-0.69,-0.3,-0.44,-0.44,0,-0.82
"Estibaliz Basoa De Rodríguez ",-0.3,-0.69,-0.44,-0.44,0,-0.82
"Eudomario Carruyo Rondón ",-0.3,-0.69,-0.44,-0.44,0,-0.82
"Eudoro González Dellán ",0.5,-0.3,0.4,-0.44,0,0.29
"Eulalia Guerrero Rivero ",-0.69,-0.3,-0.44,-0.44,0,-0.82
"Eulogio del Pino ",-0.69,-0.3,-0.44,-0.44,0,-0.82
"European Union ",-0.69,-0.3,-0.44,-0.44,0,-0.82
"Eustiquio José Lugo Gómez ",-0.3,5.67,-0.44,2.92,0,4.73
"Euzenando Praceres De Acevedo ",-0.69,-0.3,-0.44,1.24,0,-0.26
"Evelyn Milagros Malpica Torrealba ",-0.69,-0.3,-0.44,-0.44,0,-0.82
"Evelyn Serret Aponte De Santana ",-0.3,-0.69,-0.44,-0.44,0,-0.82
"Exavier Gregory Campos Calderón ",-0.69,-0.3,-0.44,-0.44,0,-0.82
"Executive Cabinet ",-0.69,-0.3,-0.44,-0.44,0,-0.82
"Eximamerica Corp ",-0.69,-0.3,-0.44,-0.44,0,-0.82
"Extra Diary ",-0.69,-0.3,-0.44,-0.44,0,-0.82
"Fabián Esteban Gutiérrez ",-0.69,-0.3,-0.44,-0.44,0,-0.82
"Fabio Enrique Zavarse Pabón ",0.1,-0.3,-0.44,-0.44,0,-0.26
"Fábrega, Molino & Mulino ",-0.69,-0.3,-0.44,-0.44,0,-0.82
"Fady El Aissami ",-0.69,-0.3,-0.44,-0.44,0,-0.82
"Fama de América C.A. ",-0.69,-0.3,-0.44,-0.44,0,-0.82
"Fanny Márquez Cordero ",0.5,-0.3,-0.44,-0.44,0,0.02
"Farith Eduardo Fraija Norwood ",-0.69,-0.3,-0.44,-0.44,0,-0.82
"FDM Corporate & Legal Services ",-0.69,-0.3,-0.44,-0.44,0,-0.82
"Federal Administration of Public Income  ",-0.69,-0.3,-0.44,-0.44,0,-0.82
"Federal Chamber of Criminal Cassation ",-0.69,-0.3,-0.44,-0.44,0,-0.82
"Federal Council of Switzerland  ",-0.69,-0.3,-0.44,-0.44,0,-0.82
"Federico Pasquali ",-0.3,-0.69,-0.44,-0.44,0,-0.82
"Feras El Aissami Maddah ",-0.29,-0.3,-0.44,-0.44,0,-0.54
"Fernando Ardila Rueda ",-0.3,-0.69,-0.44,-0.44,0,-0.82
"Fernando Migliaccio ",-0.69,-0.3,-0.44,0.4,0,-0.54
"Ferrostal Ind. Projects Gmbh ",-0.69,-0.3,-0.44,-0.44,0,-0.82
"Ferroviaria Andina S.A. ",-0.69,-0.3,-0.44,-0.44,0,-0.82
"Ferroviaria Oriental S.A. ",-0.69,-0.3,-0.44,-0.44,0,-0.82
"Fibras de El Salvador ",-0.3,-0.69,-0.44,-0.44,0,-0.82
"Fidel Dario Ramírez Carreno ",-0.3,-0.69,-0.44,-0.44,0,-0.82
"Financial Corporation, S.A.  ",-0.69,-0.3,-0.44,-0.44,0,-0.82
"Finanz And Go, S.A. ",-0.69,-0.3,-0.44,-0.44,0,-0.82
"Florencio Porras ",-0.69,-0.3,-0.44,-0.44,0,-0.82
"Florentino De Jesús Acosta ",-0.3,-0.69,-0.44,-0.44,0,-0.82
"Fondo Agroindustrial de Alimentos, S.A.  ",-0.69,-0.3,-0.44,-0.44,0,-0.82
"Fondo de Ahorro National de la Clase Obrera, S.A.  ",-0.69,-0.3,-0.44,-0.44,0,-0.82
"Fondo Global de Construcción ",-0.3,-0.69,-0.44,-0.44,0,-0.82
"Fondo Simón Bolívar para la Reconstrucción, S.A. ",-0.69,-0.3,-0.44,-0.44,0,-0.82
"Food Trading Group Corp ",-0.69,-0.3,-0.44,-0.44,0,-0.82
"Foundation Great Mission A Toda Vida Venezuela  ",-0.69,-0.3,-0.44,-0.44,0,-0.82
"Foundation Mission Che Guevara ",-0.69,-0.3,-0.44,-0.44,0,-0.82
"Foundation Mission Identity, Ministry of Internal Affaris, Justice and Peace ",-0.69,-0.3,-0.44,-0.44,0,-0.82
"Foundation of Buildings and Hospital Equipment  ",-0.69,-0.3,-0.44,-0.44,0,-0.82
"Foundation Venezuela for Prevention and Treatment of Drugs Consumption  ",-0.69,-0.3,-0.44,-0.44,0,-0.82
"Frack International ",-0.69,-0.3,-0.44,-0.44,0,-0.82
"Francisco Antonio Convit Guruceaga ",3.48,3.29,9.64,2.08,0,6.68
"Francisco Garcés ",-0.69,-0.3,-0.44,-0.44,0,-0.82
"Francisco Illaramendi ",-0.3,-0.69,0.4,-0.44,0,-0.54
"Francisco Jiménez Villaroel ",-0.3,-0.69,-0.44,-0.44,0,-0.82
"Francisco José Ameliach Orta ",-0.69,-0.3,-0.44,-0.44,0,-0.82
"Francisco Martín Mayra ",-0.69,-0.3,-0.44,-0.44,0,-0.82
"Francisco Morillo ",-0.3,-0.29,-0.44,-0.44,0,-0.54
"Francisco Rangel Gómez ",-0.69,1.59,-0.44,1.24,0,0.02
"Franco Rafael Hernández Maestre ",-0.69,-0.3,-0.44,-0.44,0,-0.82
"Franco Silva Avila ",-0.69,-0.3,-0.44,-0.44,0,-0.82
"Franklin Durán ",-0.3,-0.69,-0.44,-0.44,0,-0.82
"Franklin Flores ",-0.69,-0.3,-0.44,-0.44,0,-0.82
"Franklin Horacio García Duque ",-0.29,-0.3,0.4,-0.44,0,-0.26
"Franqui Francisco Flores De Freitas ",-0.3,-0.69,-0.44,-0.44,0,-0.82
"Franz Herman Muller Huber ",1.59,-0.69,0.4,-0.44,0,-0.26
"Freddy Alirio Bernal Rosales ",0.1,-0.3,0.4,-0.44,0,0.02
"Freddy Edward Salas Neuman  ",-0.3,-0.69,-0.44,-0.44,0,-0.82
"Frigomerc, S.A. ",-0.69,-0.3,-0.44,-0.44,0,-0.82
"Frigorifico Agrofrio, S.A. ",-0.69,-0.3,-0.44,-0.44,0,-0.82
"Frigorifico Concepcion S.A. ",-0.69,-0.3,-0.44,-0.44,0,-0.82
"Frigorífico de Aves Soychú ",-0.3,-0.69,-0.44,-0.44,0,-0.82
"Frolem Corporation ",-0.3,0.9,3.76,-0.44,0,1.68
"Fund for investigation and Development of Telecommunications   ",-0.69,-0.3,-0.44,-0.44,0,-0.82
"Fundación Alba petróleos de El Salvador  ",-0.3,-0.69,-0.44,-0.44,0,-0.82
"Fundación Caixa Bella ",-0.69,-0.3,-0.44,-0.44,0,-0.82
"Fundación Makled C.A. ",-0.69,-0.3,-0.44,-0.44,0,-0.82
"Fundación Propatria 2000 ",-0.69,-0.3,-0.44,-0.44,0,-0.82
"Fundación Televisora Venezuela Social  ",-0.69,-0.3,-0.44,-0.44,0,-0.82
"Fundacion Terra Mar Hall ",-0.69,-0.3,-0.44,-0.44,0,-0.82
"Fundacion Venedig ",-0.69,-0.3,-0.44,-0.44,0,-0.82
"Fürstenbank  ",-0.3,-0.69,-0.44,-0.44,0,-0.82
"G & R. Abogados ",-0.69,-0.3,-0.44,-0.44,0,-0.82
"Gabriel Bonilla  ",-0.69,-0.3,-0.44,-0.44,0,-0.82
"Gabriel Jiménez Aray ",-0.3,-0.69,-0.44,-0.44,0,-0.82
"Gabriel Pabón Gutiérrez  ",-0.69,-0.3,-0.44,-0.44,0,-0.82
"Gabriel Znidarcic ",-0.3,-0.69,-0.44,-0.44,0,-0.82
"Gasohol de El Salvador ",-0.3,-0.69,-0.44,-0.44,0,-0.82
"Gaubri Group  ",-0.3,-0.69,-0.44,-0.44,0,-0.82
"Gazprombank Latin America Bv ",-0.69,-0.3,-0.44,-0.44,0,-0.82
"Gedeón Operation ",-0.69,-0.3,-0.44,-0.44,0,-0.82
"Gem, Torres & Asociados ",-0.69,-0.3,-0.44,-0.44,0,-0.82
"General Command of National Guard  ",-0.69,-0.3,-0.44,-0.44,0,-0.82
"General Controller of the Republic ",-0.69,-0.3,-0.44,-0.44,0,-0.82
"General Council of Police  ",-0.69,-0.3,-0.44,-0.44,0,-0.82
"General Direction of Military Counterintelligence  ",-0.69,-0.3,-0.44,-0.44,0,-0.82
"General Police Council ",-0.69,-0.3,-0.44,-0.44,0,-0.82
"General Prosecutor of the Republic ",-0.69,-0.3,-0.44,-0.44,0,-0.82
"General Trading Company, S.A. ",-0.69,-0.3,-0.44,-0.44,0,-0.82
"Genould Investments Inc. ",-0.69,-0.3,-0.44,-0.44,0,-0.82
"Geohidra ",-0.69,-0.3,-0.44,-0.44,0,-0.82
"Georges Kabboul ",-0.3,-0.69,-0.44,-0.44,0,-0.82
"Gerardo Alexis Moncada ",-0.69,-0.3,-0.44,-0.44,0,-0.82
"Gerardo Andrés Quintero Meneses ",-0.69,-0.3,-0.44,-0.44,0,-0.82
"Gerardo Elías Esteves Duque ",-0.3,-0.69,-0.44,-0.44,0,-0.82
"Gerardo Izquierdo Torres ",0.1,-0.3,-0.44,-0.44,0,-0.26
"Gerardo Pantin Shortt ",-0.69,-0.3,-0.44,-0.44,0,-0.82
"Gioia Pifan Antonini ",-0.69,-0.3,-0.44,-0.44,0,-0.82
"Giuseppe Alessandrello Cimadevilla ",-0.69,-0.3,-0.44,-0.44,0,-0.82
"Giuseppe Angelo Carmelo Yoffreda Yorio ",-0.69,-0.3,-0.44,3.76,0,0.57
"Giuson Fernando Flores ",-0.69,-0.3,-0.44,-0.44,0,-0.82
"Gladys del Valle Requena ",-0.69,-0.3,-0.44,-0.44,0,-0.82
"Gladys María Gutiérrez Alvarado ",-0.69,-0.3,-0.44,-0.44,0,-0.82
"Glen Core Energy Uk Ltd ",-0.3,-0.69,-0.44,-0.44,0,-0.82
"Glen Core International, A. G. ",-0.3,-0.69,-0.44,-0.44,0,-0.82
"Glencore De Venezuela, C.A. ",-0.3,-0.69,-0.44,-0.44,0,-0.82
"Glencore Ltd ",-0.3,-0.69,-0.44,-0.44,0,-0.82
"Global Construction Fund ",-0.69,-0.3,-0.44,-0.44,0,-0.82
"Global Corp Brokerage House  ",-0.69,-0.3,-0.44,-0.44,0,-0.82
"Global Energy Company S.A.S. ",-0.69,-0.3,-0.44,-0.44,0,-0.82
"Global Foods Trading, S.A. ",-0.69,-0.3,-0.44,-0.44,0,-0.82
"Global Investment 58 LLC ",-0.69,-0.3,-0.44,-0.44,0,-0.82
"Global Securities Management LLC ",-0.69,-0.3,-0.44,-0.44,0,-0.82
"Global Securities Trade Finance ",-0.69,-0.3,-0.44,-0.44,0,-0.82
"Global Security Advisors  ",-0.69,-0.3,-0.44,-0.44,0,-0.82
"Global Strategic Investments ",-0.69,-0.3,-0.44,-0.44,0,-0.82
"Global Structure, S.A ",-0.69,-0.3,-0.44,-0.44,0,-0.82
"Global Structure, S.A. ",-0.69,-0.3,-0.44,-0.44,0,-0.82
"Global Supplies and Equipment Services LLC ",-0.69,-0.3,-0.44,-0.44,0,-0.82
"Globovision Tele C.A. ",-0.69,-0.3,-0.44,-0.44,0,-0.82
"Gloria Andrea Pérez ",-0.69,-0.3,-0.44,-0.44,0,-0.82
"Go Home, S.A. ",-0.69,-0.3,-0.44,-0.44,0,-0.82
"Godelheim, Inc. ",-0.3,-0.69,-0.44,-0.44,0,-0.82
"Gonçalo Nuno Mendes Da Trindade Ferreira ",-0.69,-0.3,-0.44,-0.44,0,-0.82
"Gonet & Cie ",-0.69,-0.3,-0.44,-0.44,0,-0.82
"Good Central  Limited ",-0.69,-0.3,-0.44,-0.44,0,-0.82
"Government of Anzoátegui State  ",-0.69,-0.3,-0.44,-0.44,0,-0.82
"Government of Apure State ",-0.69,-0.3,-0.44,-0.44,0,-0.82
"Government of Aragua State ",-0.69,-0.3,-0.44,-0.44,0,-0.82
"Government of Canada ",-0.69,-0.3,-0.44,-0.44,0,-0.82
"Government of Colombia ",-0.69,-0.3,-0.44,-0.44,0,-0.82
"Government of Delta Amacuro State  ",-0.69,-0.3,-0.44,-0.44,0,-0.82
"Government of Merida State ",-0.69,-0.3,-0.44,-0.44,0,-0.82
"Government of Panama ",-0.69,-0.3,-0.44,-0.44,0,-0.82
"GPL Solar LLC ",-0.69,-0.3,-0.44,-0.44,0,-0.82
"Granja Tres Arroyos ",-0.3,0.1,-0.44,-0.44,0,-0.26
"Grat Trade And Consult Inc. ",-0.69,-0.3,-0.44,-0.44,0,-0.82
"Gravetal Bolivia S.A. ",7.27,-0.3,-0.44,-0.44,0,4.73
"Great Mission Peace Quadrants ",-0.69,-0.3,-0.44,-0.44,0,-0.82
"Great Mission Socialist Justice for the National Territory Regions   ",-0.69,-0.3,-0.44,-0.44,0,-0.82
"Great Wall Enterprise Offshore,S.A. ",-0.69,-0.3,-0.44,-0.44,0,-0.82
"Green Solar Specialist ",-0.69,-0.3,-0.44,-0.44,0,-0.82
"Greenhill Group S.A. ",-0.69,-0.3,-0.44,-0.44,0,-0.82
"Griselda Yanet Cornejo de León ",-0.69,-0.3,-0.44,-0.44,0,-0.82
"Grocery Distribution Holdings Inc. ",-0.69,-0.3,-0.44,-0.44,0,-0.82
"Group Grand Limited ",-0.69,-0.3,-0.44,-0.44,0,-0.82
"Group Grand Limited S.A. de C.V. ",-0.69,-0.3,-0.44,-0.44,0,-0.82
"Grumpy Old Man Ltd. S.A. ",-0.69,-0.3,-0.44,-0.44,0,-0.82
"Grupo 58 Investment LLC ",-0.69,-0.3,-0.44,-0.44,0,-0.82
"Grupo Atahualpa, CA ",-0.69,-0.3,-0.44,-0.44,0,-0.82
"Grupo Corimón ",-0.29,-0.3,-0.44,-0.44,0,-0.54
"Grupo Hardwell Technologies, C.A ",-0.69,-0.3,-0.44,-0.44,0,-0.82
"Grupo Heb, S.A. ",-0.69,-0.3,-0.44,-0.44,0,-0.82
"Grupo Núcleo ",-0.69,-0.3,-0.44,-0.44,0,-0.82
"Grupo Panabee, S.A. ",-0.69,-0.3,-0.44,-0.44,0,-0.82
"Grupo Sahect, C.A.  ",-0.69,-0.3,-0.44,-0.44,0,-0.82
"Grupo Swissinvest ",-0.69,-0.3,-0.44,-0.44,0,-0.82
"Grupo Transgar ",-0.69,-0.3,-0.44,-0.44,0,-0.82
"Guanabana Real State SL ",-0.69,-0.3,-0.44,-0.44,0,-0.82
"Guangzhou Ballac Trading Limited, CA ",-0.69,-0.3,-0.44,-0.44,0,-0.82
"Guárico State Governor ",-0.69,-0.3,-0.44,-0.44,0,-0.82
"Guf Administration S.A. ",-0.69,-0.3,-0.44,-0.44,0,-0.82
"Guf Trading Ltd, S.A. ",-0.69,-0.3,-0.44,-0.44,0,-0.82
"Guido Alejandro Antonini Wilson ",-0.3,0.1,-0.44,-0.44,0,-0.26
"Guillermo Alberto Dippolito ",-0.3,-0.69,-0.44,-0.44,0,-0.82
"Gustavo Adolfo Arreaza ",-0.69,-0.3,-0.44,-0.44,0,-0.82
"Gustavo Adolfo Hernández Frieri ",-0.3,-0.69,7.12,-0.44,0,1.68
"Gustavo Adolfo Perdomo Rosales ",3.48,4.48,12.16,1.24,0,8.06
"Gustavo Adolfo Vizcaino Gil ",0.9,-0.3,-0.44,-0.44,0,0.29
"Gustavo Arreaza ",-0.69,-0.3,-0.44,-0.44,0,-0.82
"Gustavo Enrique González López ",-0.69,-0.3,-0.44,-0.44,0,-0.82
"Gustavo Gabaldón ",-0.3,-0.69,-0.44,-0.44,0,-0.82
"Gustavo Reyes Rangel Briceño ",-0.69,-0.3,-0.44,-0.44,0,-0.82
"Gustik Trading INC. ",-0.69,-0.3,-0.44,-0.44,0,-0.82
"Haifa El Aissami ",-0.69,-0.3,-0.44,-0.44,0,-0.82
"Haiman El Troudi Douwara ",-0.69,-0.3,-0.44,-0.44,0,-0.82
"Hannover Guerrero ",-0.69,-0.3,-0.44,-0.44,0,-0.82
"Hardwell Computer Inc. ",-0.69,-0.3,-0.44,-0.44,0,-0.82
"Hawkers ",-0.69,-0.3,-0.44,-0.44,0,-0.82
"Héctor Joseph Dager Gaspard ",-0.69,-0.3,-0.44,-0.44,0,-0.82
"Héctor Navarro ",-0.69,-0.3,-0.44,-0.44,0,-0.82
"Heinrich Chapellín Biundo ",-0.69,-0.3,-0.44,-0.44,0,-0.82
"Hélder José Bataglia Dos Santos ",-0.69,-0.3,-0.44,-0.44,0,-0.82
"Helmerich & Paandne de Venezuela, C.A. ",-0.3,-0.69,-0.44,-0.44,0,-0.82
"Helmerich & Payne, Inc.  ",-0.69,-0.3,-0.44,-0.44,0,-0.82
"Helsinge Holdings, Llc ",-0.3,-0.69,-0.44,-0.44,0,-0.82
"Helsinge Ltd. ",-0.3,-0.69,-0.44,-0.44,0,-0.82
"Helsinge, Inc. ",-0.3,-0.69,-0.44,-0.44,0,-0.82
"Henrique Capriles Radonski ",-0.69,-0.3,-0.44,-0.44,0,-0.82
"Henrique Granadeiro ",-0.69,-0.3,-0.44,-0.44,0,-0.82
"Henry de Jesús Rangel Silva ",-0.69,-0.3,-0.44,-0.44,0,-0.82
"Herbert Josué García Plaza ",-0.69,-0.3,-0.44,-0.44,0,-0.82
"Hermágoras González Polanco ",-0.69,-0.3,-0.44,-0.44,0,-0.82
"Hermann Eduardo Escarrá Malave ",-0.69,-0.3,-0.44,-0.44,0,-0.82
"Hernán Luis Gonzalo Campana ",-0.3,-0.69,0.4,-0.44,0,-0.54
"Hernes Melquiades Flores ",-0.69,-0.3,-0.44,-0.44,0,-0.82
"Hesace Foundation  ",-0.69,-0.3,-0.44,-0.44,0,-0.82
"Hezbollah ",-0.69,-0.3,-0.44,-0.44,0,-0.82
"Hidalgo Rafael Socorro Urdaneta  ",-0.3,-0.69,-0.44,-0.44,0,-0.82
"High Advisory And Consulting S.A. ",3.48,-0.29,2.08,0.4,0,1.13
"High and Low Profile S.A.  ",-0.69,-0.3,-0.44,-0.44,0,-0.82
"High Presidential Commission for Scientific, Technologic and Economic  Independence ",-0.69,-0.3,-0.44,-0.44,0,-0.82
"High Rise Proyects, S.A. ",3.48,-0.69,-0.44,-0.44,0,-0.26
"Highland Assets Corp.  ",9.15,2.89,10.48,6.28,0,8.89
"Hildemaro José Rodríguez Múcura ",-0.69,-0.3,-0.44,-0.44,0,-0.82
"Hipólito Antonio Abreu Páez ",-0.69,-0.3,-0.44,-0.44,0,-0.82
"Hipólito Luis Izquierdo García ",-0.69,-0.3,-0.44,-0.44,0,-0.82
"Holdingnet Corp. ",-0.69,-0.3,-0.44,-0.44,0,-0.82
"Holdings 17th, LLC ",-0.69,-0.3,-0.44,-0.44,0,-0.82
"Honsab S.R.L. ",-0.69,-0.3,-0.44,-0.44,0,-0.82
"Horacio Ismael Beresñak ",-0.3,-0.69,-0.44,-0.44,0,-0.82
"Hornberg Inc. ",-0.3,-0.69,-0.44,-0.44,0,-0.82
"Hotel Punta Cana Del Lago, S.A. ",-0.69,-0.3,-0.44,-0.44,0,-0.82
"Hugo Armando Carvajal Barrios ",9.15,76.5,30.65,32.33,0,75.48
"Hugo Cabezas ",-0.69,-0.3,-0.44,-0.44,0,-0.82
"Hugo Rafael Chávez Frías ",41.26,10.45,16.36,29.81,0,28.59
"Hugo Ramalho Gois ",-0.3,-0.69,-0.44,-0.44,0,-0.82
"Humberto José Villamizar Sepúlveda ",-0.69,-0.3,-0.44,-0.44,0,-0.82
"Husam El Aissami ",-0.69,-0.3,-0.44,-0.44,0,-0.82
"Hydroelectric Executive Comission for Lempa River  ",-0.69,-0.3,-0.44,-0.44,0,-0.82
"I.S.B. Sociedad CS, S.A. ",-0.3,0.1,-0.44,2.08,0,0.57
"Icaza, González-Ruíz & Alemán ",-0.69,-0.3,-0.44,-0.44,0,-0.82
"IFC World Bank  ",-0.69,-0.3,-0.44,-0.44,0,-0.82
"Ignacio Sánchez Combán ",-0.3,-0.69,-0.44,-0.44,0,-0.82
"Importadora Asiria CA ",-0.3,-0.69,-0.44,-0.44,0,-0.82
"Inarci S.A. ",-0.69,-0.3,-0.44,-0.44,0,-0.82
"Indhriana María Parada Rodríguez ",-0.69,-0.3,-0.44,-0.44,0,-0.82
"Indigo Energy International Corp. ",-0.69,-0.3,-0.44,-0.44,0,-0.82
"Indira Alfonzo Izaguirre ",-0.69,-0.3,-0.44,-0.44,0,-0.82
"Industria Canaima, C.A, ",-0.69,-0.3,-0.44,-0.44,0,-0.82
"Industria Venezuela Endógena de la Piedra, El Montante S.A  ",-0.69,-0.3,-0.44,-0.44,0,-0.82
"Industries And Trade Energetic, S.A. ",-0.69,-0.3,-0.44,-0.44,0,-0.82
"Inês Maria Carrusca Pontes Do Rosário ",-0.69,-0.3,-0.44,-0.44,0,-0.82
"Inés Mercedes Cufre ",-0.3,-0.69,-0.44,-0.44,0,-0.82
"Infante & Prez Almillano ",-0.69,-0.3,-0.44,-0.44,0,-0.82
"Ingeniería Estrella ",-0.69,-0.3,-0.44,-0.44,0,-0.82
"Ingeniería Gestión de Proyectos de Energía, C.A.  ",-0.3,-0.69,-0.44,-0.44,0,-0.82
"Ingrid Consuelo Sánchez González ",-0.3,-0.69,-0.44,-0.44,0,-0.82
"Ingrid Maria Sayegh Sakka ",-0.29,-0.3,-0.44,-0.44,0,-0.54
"Inmobiliaria Nacional, S.A. ",-0.69,-0.3,-0.44,-0.44,0,-0.82
"Innovation Research Engineering And Development ",-0.69,-0.3,-0.44,-0.44,0,-0.82
"Inocencio Antonio Figueroa Arizaleta ",-0.69,-0.3,-0.44,-0.44,0,-0.82
"Institute for the Defense of People in Access to Goods and Services  ",-0.69,-0.3,-0.44,-0.44,0,-0.82
"Interamerican Development Bank  ",-0.69,-0.3,-0.44,-0.44,0,-0.82
"International Business Suppliers, Inc. ",-0.69,-0.3,-0.44,-0.44,0,-0.82
"International Criminal Court ",-0.69,-0.3,-0.44,-0.44,0,-0.82
"International Goods and Properties LLC ",-0.69,-0.3,-0.44,-0.44,0,-0.82
"Inverdt ",-0.69,-0.3,-0.44,-0.44,0,-0.82
"Invergill Investments, S.A. ",-0.69,-0.3,-0.44,-0.44,0,-0.82
"Inversiones Cemt, S.A. ",-0.69,-0.3,-0.44,-0.44,0,-0.82
"Inversiones de Capital Inversoja ",-0.69,-0.3,-0.44,-0.44,0,-0.82
"Inversiones Difusión Latina Mágica C.A. ",-0.69,-0.3,-0.44,-0.44,0,-0.82
"Inversiones Flolat  ",-0.3,-0.69,-0.44,-0.44,0,-0.82
"Inversiones Litus Mare, S.A. ",-0.69,-0.3,-0.44,-0.44,0,-0.82
"Inversiones Multiples 8, S.A. ",-0.69,-0.3,-0.44,-0.44,0,-0.82
"Inversiones R & V S.A.S. ",-0.69,-0.3,-0.44,-0.44,0,-0.82
"Inversiones Rodime S.A. ",-0.69,-0.3,-0.44,-0.44,0,-0.82
"Inversiones Valiosas, SAG  ",-0.3,-0.69,-0.44,-0.44,0,-0.82
"Inversora Conivenca, CA Corp ",-0.69,-0.3,-0.44,-0.44,0,-0.82
"Invesco Capital Fund, Inc ",-0.69,-0.3,-0.44,-0.44,0,-0.82
"Investigative Commission about the facts and events related to the decease of José Antonio Anzoátegui ",-0.69,-0.3,-0.44,-0.44,0,-0.82
"Iraima Josefina Mayorca De Ledezma ",-0.69,-0.3,-0.44,-0.44,0,-0.82
"Iriamni Malpica Flores ",5.28,-0.3,-0.44,-0.44,0,3.35
"Isabel Rangel Baron ",-0.69,-0.3,-0.44,-0.44,0,-0.82
"Isaías Rodríguez ",-0.69,-0.3,-0.44,-0.44,0,-0.82
"ISB Sociedad de Corretaje y Reaseguros C.A. ",-0.69,-0.3,-0.44,-0.44,0,-0.82
"Isidro Ubaldo Rondón Torres ",-0.69,-0.3,-0.44,-0.44,0,-0.82
"Ismael Oliver Romero ",-0.69,-0.3,-0.44,-0.44,0,-0.82
"Itinerant Court in Control Functions of the Metropolitan Area  ",-0.69,-0.3,-0.44,-0.44,0,-0.82
"Iván Alexis Guedez ",-0.3,-0.69,1.24,-0.44,0,-0.26
"Iván Hernández Dala ",-0.69,-0.3,-0.44,-0.44,0,-0.82
"Iver DT Asesores de Negocios, C.A.  ",-0.69,-0.3,-0.44,-0.44,0,-0.82
"Ivoryton Enterprises S.A. ",-0.69,-0.3,-0.44,-0.44,0,-0.82
"Izote Energy Inc. ",-0.69,-0.3,-0.44,-0.44,0,-0.82
"J-3 Financiamientos Plus, C.A. ",-0.69,-0.3,-0.44,-0.44,0,-0.82
"J & J Construction & Co ",-0.69,-0.3,-0.44,-0.44,0,-0.82
"Jacadi de Colombia S.A. ",-0.69,-0.3,-0.44,-0.44,0,-0.82
"Jaime Alberto Marín Zamora ",-0.69,-0.3,-0.44,-0.44,0,-0.82
"Jaime Youssef ",-0.69,-0.3,-0.44,-0.44,0,-0.82
"Janan Youssef ",-0.69,-0.3,-0.44,-0.44,0,-0.82
"Javier Alvarado Pardi ",-0.69,-0.3,-0.44,-0.44,0,-0.82
"Javier Andrés Alvarado Ochoa ",5.37,-0.69,4.6,-0.44,0,1.68
"Jbd Properties,Inc. ",-0.69,-0.3,-0.44,-0.44,0,-0.82
"JBS S.A ",-0.69,-0.3,-0.44,-0.44,0,-0.82
"JDL Servicios and Proyectos ",-0.69,-0.3,-0.44,-0.44,0,-0.82
"Jean-Max Belleriv ",-0.69,-0.3,-0.44,-0.44,0,-0.82
"Jean Carlos Sánchez Rojas ",-0.3,-0.69,-0.44,-0.44,0,-0.82
"Jeffrey Walter Heselwood ",-0.3,-0.69,-0.44,-0.44,0,-0.82
"Jehu Holding Inc. ",-0.3,-0.69,-0.44,-0.44,0,-0.82
"Jesse Alonso Chacón Escamillo ",-0.69,-0.3,-0.44,5.44,0,1.13
"Jesús Abreu Anselmi ",-0.29,-0.3,-0.44,-0.44,0,-0.54
"Jesús Alejandro Ramírez Sanguinetti ",-0.69,-0.3,-0.44,-0.44,0,-0.82
"Jesús Alejandro Veroes D Lima ",-0.69,-0.3,-0.44,-0.44,0,-0.82
"Jesús Alfredo Itriago ",-0.3,-0.29,-0.44,-0.44,0,-0.54
"Jesús Andrés Arteaga Simancas ",-0.69,-0.3,-0.44,-0.44,0,-0.82
"Jesús María Mantilla Oliveros ",-0.69,-0.3,-0.44,-0.44,0,-0.82
"Jesús Rafael Suárez Chourio ",-0.69,-0.3,-0.44,-0.44,0,-0.82
"Jesús Ramón Veroes ",-0.3,5.67,-0.44,2.92,0,4.73
"Jesús Suárez Chourio ",-0.69,-0.3,-0.44,-0.44,0,-0.82
"Jetcar V, Inc ",-0.69,-0.3,-0.44,-0.44,0,-0.82
"Jhannett Madriz ",-0.69,-0.3,-0.44,-0.44,0,-0.82
"Jisco Foundation  ",-0.69,-0.3,-0.44,-0.44,0,-0.82
"Joan Pau Miquel Prats ",-0.3,-0.69,-0.44,-0.44,0,-0.82
"João Alexandre Silva ",-0.3,-0.69,-0.44,-0.44,0,-0.82
"João Pedro Soares Antunes Perna ",-0.69,-0.3,-0.44,-0.44,0,-0.82
"Joaquim Barroca ",-0.69,-0.3,-0.44,-0.44,0,-0.82
"Joaquín De Grazia ",-0.69,-0.3,-0.44,-0.44,0,-0.82
"Joaquin Osorio Núñez ",-0.69,-0.3,-0.44,-0.44,0,-0.82
"Joe Summers ",-0.3,-0.69,-0.44,-0.44,0,-0.82
"Joel Espinoza  ",-0.69,-0.3,-0.44,-0.44,0,-0.82
"Johan Hernández Lárez ",-0.69,-0.3,-0.44,-0.44,0,-0.82
"Johanna De Jesús Morey Guerra ",-0.69,-0.3,-0.44,-0.44,0,-0.82
"John Arias ",-0.69,-0.3,-0.44,-0.44,0,-0.82
"John Ryan ",-0.3,-0.69,-0.44,-0.44,0,-0.82
"Jonathan Luciano Del Valle Mata Figueroa ",-0.69,-0.3,-0.44,-0.44,0,-0.82
"Jorge Alberto Arreaza Montserrat  ",-0.69,-0.3,-0.44,-0.44,0,-0.82
"Jorge Arias Lazcano  ",-0.69,-0.3,-0.44,-0.44,0,-0.82
"Jorge Elieser Márquez Monsalve  ",4.09,-0.3,-0.44,-0.44,0,2.51
"Jorge Giordani ",-0.69,-0.3,-0.44,-0.44,0,-0.82
"Jorge Henrique Lander Siblisz ",-0.69,-0.3,-0.44,-0.44,0,-0.82
"Jorge Jesús Rodríguez Gómez ",-0.69,-0.3,-0.44,-0.44,0,-0.82
"Jorge Luis García Carneiro ",-0.69,-0.3,-0.44,-0.44,0,-0.82
"Jorge Saltos ",-0.69,-0.3,-0.44,-0.44,0,-0.82
"Jorge Serret Sugrañez ",-0.3,-0.69,-0.44,-0.44,0,-0.82
"Jorge Toyama Uyehara ",-0.69,-0.3,-0.44,-0.44,0,-0.82
"Jorge Zavala Egas ",-0.69,-0.3,-0.44,-0.44,0,-0.82
"Jorgenrique Nazaret Rodríguez ",-0.69,-0.3,-0.44,-0.44,0,-0.82
"José Adelino Ornelas Ferreira ",-0.69,-0.3,-0.44,-0.44,0,-0.82
"José Alejandro Hurtado ",-0.69,-0.3,-0.44,-0.44,0,-0.82
"José Ángel González Dellán ",-0.69,-0.3,-0.44,-0.44,0,-0.82
"José Antonio Abreu ",-0.69,-0.3,-0.44,-0.44,0,-0.82
"José David Cabello Rondón ",-0.29,-0.3,2.08,-0.44,0,0.29
"José Diogo Da Rocha Vieira Gaspar Ferreira ",-0.69,-0.3,-0.44,-0.44,0,-0.82
"José Enrique Luongo Rotundo ",-0.3,-0.69,-0.44,-0.44,0,-0.82
"José Esteban Chacín Bello ",-0.69,-0.3,-0.44,-0.44,0,-0.82
"José Francisco Rivas Herrera ",-0.69,-0.3,-0.44,-0.44,0,-0.82
"José Gregorio Vielma Mora ",-0.69,1.59,-0.44,0.4,0,-0.26
"José Larocca ",-0.3,-0.69,-0.44,-0.44,0,-0.82
"José Luis Bernardo Hurtado ",-0.69,-0.3,-0.44,-0.44,0,-0.82
"Jose Luis Berroteran Núñez ",-0.69,-0.3,-0.44,-0.44,0,-0.82
"José Luis Merino ",-0.3,-0.69,-0.44,0.4,0,-0.54
"José Luis Parada ",-0.69,-0.3,-0.44,-0.44,0,-0.82
"José Luis Ramos Castillo ",-0.3,-0.69,-0.44,-0.44,0,-0.82
"José Luís Ribeiro Dos Santos ",-0.69,-0.3,-0.44,-0.44,0,-0.82
"José Luis Santoro Castellano ",-0.3,-0.69,-0.44,-0.44,0,-0.82
"José Manuel Aguilera Rioboo ",-0.69,-0.3,-0.44,-0.44,0,-0.82
"José Manuel González Testino ",-0.3,-0.69,-0.44,-0.44,0,-0.82
"José María Olazagasti ",-0.69,-0.3,-0.44,1.24,0,-0.26
"José Miguel Domínguez Ramírez ",-0.69,-0.3,-0.44,-0.44,0,-0.82
"José Miguel Montoanda Rodríguez ",-0.69,-0.3,-0.44,-0.44,0,-0.82
"José Mujica ",-0.3,-0.69,-0.44,-0.44,0,-0.82
"José Omar Paredes  ",-0.69,-0.3,-0.44,-0.44,0,-0.82
"Jose Orlando Camacho ",-0.3,-0.69,-0.44,-0.44,0,-0.82
"José Paulo Bernardo Pinto De Sousa ",-0.69,-0.3,-0.44,-0.44,0,-0.82
"José Pestana ",-0.69,-0.3,-0.44,-0.44,0,-0.82
"José Ramón Arias Lanz ",-0.3,-0.69,-0.44,-0.44,0,-0.82
"José Ramón Sánchez Rodríguez ",-0.69,-0.3,-0.44,-0.44,0,-0.82
"José Roberto Rincón Bravo ",-0.3,-0.69,-0.44,-0.44,0,-0.82
"José Sócrates Carvalho Pinto de Sousa ",-0.3,-0.69,-0.44,-0.44,0,-0.82
"José Vicente Amparan Cróquer ",-0.3,4.88,-0.44,-0.44,0,3.07
"José Vicente Rangel Ávalos ",0.1,-0.3,-0.44,-0.44,0,-0.26
"José Vicente Rangel Vale ",-0.69,-0.3,-0.44,-0.44,0,-0.82
"José Wilfredo Molina Castrillón ",-0.69,-0.3,-0.44,-0.44,0,-0.82
"Joselit Ramírez Camacho ",-0.3,-0.69,-0.44,0.4,0,-0.54
"Joseph Demeneses ",-0.3,-0.69,-0.44,-0.44,0,-0.82
"Josland Investments S.A. ",-0.69,-0.3,-0.44,-0.44,0,-0.82
"Josmel José Velásquez Figueroa ",2.1,-0.3,0.4,5.44,0,3.35
"Jovenel Moise ",-0.3,-0.69,-0.44,-0.44,0,-0.82
"Juan Carlos Castillo Rincón ",-0.3,-0.69,-0.44,-0.44,0,-0.82
"Juan Carlos Chourio ",-0.3,-0.69,-0.44,-0.44,0,-0.82
"Juan Carlos Guillén Zerpa ",-0.3,-0.69,-0.44,-0.44,0,-0.82
"Juan Carlos Horna Napolitano ",-0.3,-0.69,-0.44,-0.44,0,-0.82
"Juan Carlos Loyo Hernández ",-0.69,-0.3,-0.44,-0.44,0,-0.82
"Juan Carlos Márquez Cabrera ",-0.3,-0.69,-0.44,-0.44,0,-0.82
"Juan Carlos Toro Rodríguez ",-0.3,-0.69,-0.44,-0.44,0,-0.82
"Juan Carlos Torres Inclán ",-0.3,-0.69,-0.44,-0.44,0,-0.82
"Juan García Tousaintt ",-0.69,-0.3,-0.44,-0.44,0,-0.82
"Juan Gerardo Antonio Guaidó Márquez?? ",-0.69,-0.3,-0.44,-0.44,0,-0.82
"Juan Ignacio Simo ",-0.3,-0.69,-0.44,-0.44,0,-0.82
"Juan José Hernández Comerma ",-0.3,-0.69,-0.44,-0.44,0,-0.82
"Juan José Levy ",26.15,-0.69,13.84,-0.44,0,7.79
"Juan José Mendoza Jover ",-0.69,-0.3,-0.44,-0.44,0,-0.82
"Juan Moisés Lares González ",-0.69,-0.3,-0.44,-0.44,0,-0.82
"Juan Valdivia Almanza ",-0.69,-0.3,-0.44,-0.44,0,-0.82
"Judicial Technical Police  ",-0.69,-0.3,-0.44,-0.44,0,-0.82
"Julia Elba Van Den Brule ",-0.3,-0.69,-0.44,-0.44,0,-0.82
"Julián Francisco Rubio ",-0.3,0.9,2.92,-0.44,0,1.4
"Julián Isaías Rodríguez ",-0.69,-0.3,-0.44,-0.44,0,-0.82
"Julius Baer ",-0.69,-0.3,-0.44,-0.44,0,-0.82
"July César Barlocco ",-0.3,-0.69,-0.44,-0.44,0,-0.82
"July César Izquierdo Rodríguez ",-0.69,-0.3,-0.44,-0.44,0,-0.82
"July César Ruiz Maestre ",-0.69,-0.3,-0.44,-0.44,0,-0.82
"July De Vido ",-0.3,-0.69,2.92,-0.44,0,0.29
"Justo José Noguera Pietri ",-0.69,-0.3,-0.44,-0.44,0,-0.82
"Kapital One Casa de Valores S.A. Kaovalsa ",-0.69,-0.3,-0.44,-0.44,0,-0.82
"Karina del Carmen Núñez Arias ",-0.3,-0.69,-0.44,-0.44,0,-0.82
"Karol V. Gutiérrez Nieve ",-0.69,-0.3,-0.44,-0.44,0,-0.82
"Katarina Gumucio Stambuk ",-0.69,-0.3,-0.44,-0.44,0,-0.82
"Katherine Nayartih Haringhton Padrón ",-0.69,-0.3,-0.44,-0.44,0,-0.82
"Katia Saab Morán ",-0.69,-0.3,-0.44,-0.44,0,-0.82
"Kenvest, Corp  ",-0.69,-0.3,-0.44,-0.44,0,-0.82
"Khaled Khalil Majzoub ",-0.69,-0.3,-0.44,-0.44,0,-0.82
"Kimarcus Group Corp. ",-0.69,-0.3,-0.44,-0.44,0,-0.82
"Kimbra International Corporation ",-0.69,-0.3,-0.44,-0.44,0,-0.82
"Kingstone Team Inc ",-0.69,-0.3,-0.44,-0.44,0,-0.82
"Kingsway Europe SL ",-0.69,-0.3,-0.44,-0.44,0,-0.82
"Kingsway Lda ",-0.69,-0.3,-0.44,-0.44,0,-0.82
"Kk Inversiones, S.A. ",-0.69,-0.3,-0.44,-0.44,0,-0.82
"Koncreto S.A. ",-0.69,-0.3,-0.44,-0.44,0,-0.82
"KPMG Servicios Inmobiliarios ",-0.69,-0.3,-0.44,-0.44,0,-0.82
"Kreutzer & Asociados ",-0.3,-0.69,-0.44,-0.44,0,-0.82
"L & L Inversiones Pty, S.A. ",-0.69,-0.3,-0.44,-0.44,0,-0.82
"La Gran Familia International, S.A. ",-0.69,-0.3,-0.44,-0.44,0,-0.82
"La Gran Familia Zona Libre, S.A. ",-0.69,-0.3,-0.44,-0.44,0,-0.82
"La Razón Diary ",-0.69,-0.3,-0.44,-0.44,0,-0.82
"La Sabina Global Investments Limited ",-0.69,-0.3,-0.44,0.4,0,-0.54
"La Sabina Rusticae SL ",-0.69,-0.3,-0.44,-0.44,0,-0.82
"La Vitalicia insurance Company ",-0.69,-0.3,-0.44,-0.44,0,-0.82
"Laboratorio Esme Saic ",-0.3,-0.69,-0.44,-0.44,0,-0.82
"Laboratorios Esme Saic ",-0.69,-0.3,-0.44,-0.44,0,-0.82
"Lacayo Fiallos ",-0.69,-0.3,-0.44,-0.44,0,-0.82
"Lácteos Los Andes C.A. ",-0.69,-0.3,-0.44,-0.44,0,-0.82
"Lairholt Finance Limited. ",-0.69,-0.3,-0.44,-0.44,0,-0.82
"Langton Trading Inc. ",-0.69,-0.3,-0.44,-0.44,0,-0.82
"Larry Devoe Márquez ",-0.69,-0.3,-0.44,-0.44,0,-0.82
"Las Camelias ",-0.3,-0.69,-0.44,-0.44,0,-0.82
"Latino Bank  ",-0.69,-0.3,-0.44,-0.44,0,-0.82
"Laurent Lamothe ",-0.3,-0.69,-0.44,-0.44,0,-0.82
"Lena Engenharia E Construção Sgps. ",-0.3,-0.69,-0.44,-0.44,0,-0.82
"Lena Engenharia E Construções, Sa ",-0.69,-0.3,-0.44,-0.44,0,-0.82
"Lennys Lisoleth Rangel Soto ",-0.3,-0.69,-0.44,-0.44,0,-0.82
"Lenterdit S.A. ",-0.69,-0.3,-0.44,-0.44,0,-0.82
"Leonardo Baquero ",-0.3,-0.69,-0.44,-0.44,0,-0.82
"Leonardo González Dellán ",-0.3,4.08,-0.44,4.6,0,4.18
"Leonardo Santilli ",-0.3,-0.69,-0.44,-0.44,0,-0.82
"Leopoldo Alejandro Betancourt López ",-0.3,4.48,-0.44,4.6,0,4.46
"Leopoldo José Briceño Punceles ",-0.3,-0.69,-0.44,-0.44,0,-0.82
"Libertador Municipality ",-0.69,-0.3,-0.44,-0.44,0,-0.82
"Liechtensteinische Landesbank  ",-0.3,-0.69,-0.44,-0.44,0,-0.82
"Lilia Cristina López de Guzman de Frutos ",-0.69,-0.3,-0.44,-0.44,0,-0.82
"Lilia Margarita Cuartin Sánchez ",-0.69,-0.3,-0.44,-0.44,0,-0.82
"Limited Company of Administration and Electric Development  ",3.48,-0.69,1.24,-0.44,0,0.29
"Lindsay Services International Corp. ",-0.69,-0.3,-0.44,-0.44,0,-0.82
"Lizeta Hernández ",-0.69,-0.3,-0.44,-0.44,0,-0.82
"Local Committees of Production and Procurement   ",-0.69,-0.3,-0.44,-0.44,0,-0.82
"Lomond Overseas S.A. ",-0.69,-0.3,-0.44,-0.44,0,-0.82
"Lourdes Benicia Suárez Anderson ",-0.69,-0.3,-0.44,-0.44,0,-0.82
"Luciano Marín Arango ",-0.69,-0.3,-0.44,-0.44,0,-0.82
"Luis Abraham Bastidas Ramírez ",-0.3,-0.69,-0.44,-0.44,0,-0.82
"Luis Alberto Chacín Haddad ",-0.3,2.49,-0.44,-0.44,0,1.4
"Luis Alberto Saab Morán ",-0.69,-0.3,-0.44,2.92,0,0.29
"Luis Alfredo Campos Cabello ",-0.29,-0.3,-0.44,-0.44,0,-0.54
"Luis Alfredo Motta Domínguez ",3.48,21.19,11.32,2.92,0,19.99
"Luis Álvarez ",-0.3,-0.69,-0.44,-0.44,0,-0.82
"Luís Barrios Melean ",-0.3,-0.69,-0.44,-0.44,0,-0.82
"Luis Carlos de León Pérez ",-0.3,0.5,1.24,1.24,0,1.13
"Luis Damiani Bustillos ",-0.69,-0.3,-0.44,-0.44,0,-0.82
"Luis David Chacín Imbrondone  ",-0.69,-0.3,0.4,-0.44,0,-0.54
"Luís Díaz ",-0.69,-0.3,-0.44,-0.44,0,-0.82
"Luis Eduardo AMaya ",-0.69,-0.3,-0.44,-0.44,0,-0.82
"Luis Eduardo Francis Villegas ",-0.69,-0.3,-0.44,-0.44,0,-0.82
"Luis Eduardo Ortega Morales ",-0.69,-0.3,-0.44,-0.44,0,-0.82
"Luis Eduardo Sánchez Andánez ",-0.3,-0.69,-0.44,-0.44,0,-0.82
"Luis Enrique Delgado Contreras ",2.49,-0.3,-0.44,-0.44,0,1.4
"Luis Esteban de Guzmán de Ollague  ",-0.69,-0.3,-0.44,-0.44,0,-0.82
"Luis Fernando Soteldo ",-0.29,-0.3,-0.44,-0.44,0,-0.54
"Luis Fernando Vuteff ",-0.3,-0.29,-0.44,-0.44,0,-0.54
"Luis Herrera Valerio ",-0.3,-0.69,-0.44,-0.44,0,-0.82
"Luis Javier Díaz ",-0.69,-0.3,-0.44,-0.44,0,-0.82
"Luis Liendo ",-0.3,-0.69,-0.44,-0.44,0,-0.82
"Luís Manuel Ferreira Da Silva Marques ",-0.69,-0.3,-0.44,-0.44,0,-0.82
"Luis Manuel Peña Melo ",-0.3,-0.69,-0.44,-0.44,0,-0.82
"Luis Mariano Rodríguez Cabello ",14.82,1.3,13.84,2.92,0,8.62
"Luis Ramón Fernández Delgado ",-0.69,-0.3,-0.44,-0.44,0,-0.82
"Luis Ramón Francis Moreno ",7.27,-0.3,2.92,-0.44,0,5.84
"Luis Ramón Francis Villegas ",-0.69,-0.3,-0.44,-0.44,0,-0.82
"Lukoil Pan Americas Llc ",-0.3,-0.69,-0.44,-0.44,0,-0.82
"Lukoil Petroleum Ltd ",-0.3,-0.69,-0.44,-0.44,0,-0.82
"Lurvis Alexánder Solórzano Guevara ",-0.69,-0.3,-0.44,-0.44,0,-0.82
"Lutmíll International SA ",-0.69,-0.3,-0.44,-0.44,0,-0.82
"Lux 2603, LLC ",-0.69,-0.3,-0.44,-0.44,0,-0.82
"Lux ST502, LLC ",-0.69,-0.3,-0.44,-0.44,0,-0.82
"Luxe Investments, Corp. ",-0.69,-0.3,-0.44,-0.44,0,-0.82
"Luxpan Dfs S.A ",-0.69,-0.3,-0.44,-0.44,0,-0.82
"M & V Trading International Inc. ",-0.69,-0.3,-0.44,-0.44,0,-0.82
"M&M Loor Investments Llc ",-0.69,-0.3,-0.44,-0.44,0,-0.82
"M.F. Corporate Services  Limited ",-0.69,-0.3,-0.44,-0.44,0,-0.82
"Madero Del Plata S.A. ",-0.69,-0.3,-0.44,-0.44,0,-0.82
"Madison Capital Fund LLC ",-0.69,-0.3,-0.44,-0.44,0,-0.82
"Magus Holding Ii LLC ",-0.69,-0.3,-0.44,-0.44,0,-0.82
"Magus Holding LLC ",-0.69,-0.3,-0.44,-0.44,0,-0.82
"Magus Holdings USA, Corp. ",-0.69,-0.3,-0.44,-0.44,0,-0.82
"Maikel José Moreno Pérez ",-0.3,-0.69,-0.44,-0.44,0,-0.82
"Maja Madeline El Aissami ",-0.69,-0.3,-0.44,-0.44,0,-0.82
"Majority of Caracas ",-0.69,-0.3,-0.44,-0.44,0,-0.82
"Malaquias Gil Rodríguez ",-0.69,-0.3,-0.44,-0.44,0,-0.82
"Manebol S.R.L. ",-0.69,-0.3,-0.44,-0.44,0,-0.82
"Manuel Alejandro Petit Correa ",-0.69,-0.3,-0.44,-0.44,0,-0.82
"Manuel Ángel Fernández Meléndez ",7.26,23.18,18.88,7.12,0,25.82
"Manuel Antonio Barroso ",2.49,-0.3,1.24,2.92,0,3.07
"Manuel Eduardo Pérez Urdaneta ",-0.29,-0.3,0.4,-0.44,0,-0.26
"Manuel Enrique Galindo Ballesteros ",-0.69,-0.3,-0.44,-0.44,0,-0.82
"Manuel Gregorio Bernal Martínez ",-0.69,-0.3,-0.44,-0.44,0,-0.82
"Manuel Ricardo Cristopher Figuera ",-0.69,1.59,-0.44,1.24,0,0.02
"Manuel Rosales ",-0.69,-0.3,-0.44,-0.44,0,-0.82
"Manuel Sabino Suárez Hidalgo ",-0.69,-0.3,-0.44,-0.44,0,-0.82
"Manuel Salvador Quevedo Fernández ",-0.69,-0.3,-0.44,-0.44,0,-0.82
"Mapfre ",-0.69,-0.3,-0.44,-0.44,0,-0.82
"Maracaibo Municipality Major´s Office ",-0.69,-0.3,-0.44,-0.44,0,-0.82
"Marcela Carolina Paz ",-0.69,-0.3,-0.44,0.4,0,-0.54
"Marcelo Federico Gutiérrez Acosta y Lara ",-0.3,-0.69,-0.44,-0.44,0,-0.82
"Marcelo Odebrecht ",-0.69,-0.3,-0.44,-0.44,0,-0.82
"Marco Antonio Medina Salas ",-0.69,-0.3,-0.44,-0.44,0,-0.82
"Marcos Rafael Cabello Bello  ",-0.69,-0.3,-0.44,-0.44,0,-0.82
"María Alejandra Andrade Colmenares ",-0.69,-0.3,-0.44,-0.44,0,-0.82
"María Alejandra Díaz Marín ",-0.69,-0.3,-0.44,-0.44,0,-0.82
"María Alexandra Perdomo Rosales de Gorrín ",3.48,-0.69,7.96,-0.44,0,2.51
"María Carolina Ameliach ",-0.69,-0.3,-0.44,-0.44,0,-0.82
"María Carolina Perdomo Rosales ",-0.69,-0.3,-0.44,-0.44,0,-0.82
"María Corina Machado ",-0.69,-0.3,-0.44,-0.44,0,-0.82
"María Cristina Santoro Martiradonna ",-0.3,-0.69,-0.44,-0.44,0,-0.82
"María de los Ángeles González ",-0.3,-0.69,-0.44,-0.44,0,-0.82
"María Elisa Domínguez Velasco ",-0.69,-0.3,-0.44,-0.44,0,-0.82
"María Eugenia Baptista Zacarías ",-0.69,-0.3,-0.44,-0.44,0,-0.82
"María Eugenia Rojas ",-0.69,-0.3,-0.44,-0.44,0,-0.82
"María Eugenia Vignati ",-0.3,-0.69,-0.44,-0.44,0,-0.82
"María Fernanda Rodríguez ",-0.3,-0.69,-0.44,-0.44,0,-0.82
"María Gabriela Levy de Murcia  ",-0.3,-0.69,-0.44,-0.44,0,-0.82
"María Iris Varela ",-0.69,-0.3,-0.44,-0.44,0,-0.82
"María Isabel Vignati ",-0.3,-0.69,-0.44,-0.44,0,-0.82
"María Julieta Ratto ",-0.3,-0.69,0.4,-0.44,0,-0.54
"María Lila Bravo de Rincón ",1.7,-0.3,-0.44,-0.44,0,0.85
"María Martiradonna De Santoro ",-0.3,-0.69,-0.44,-0.44,0,-0.82
"María Palacios ",-0.3,-0.69,-0.44,-0.44,0,-0.82
"Mariana Staudinger  ",-0.69,-0.3,-0.44,-0.44,0,-0.82
"Mariela Mercedes Matheus Baptista ",-0.3,-0.69,-0.44,-0.44,0,-0.82
"Marine Administration Panama, Inc ",-0.69,-0.3,-0.44,-0.44,0,-0.82
"Marine Investment Group Inc. ",-0.69,-0.3,-0.44,-0.44,0,-0.82
"Marine Investor Corp. ",-0.69,-0.3,-0.44,-0.44,0,-0.82
"Mario Enrique Bonilla Vallera ",-0.3,-0.69,-0.44,-0.44,0,-0.82
"Mario Enrique González ",-0.3,-0.69,-0.44,-0.44,0,-0.82
"Maritime Administration Group Inc. ",-0.69,-0.3,-0.44,-0.44,0,-0.82
"Maritime Crews Inc ",-0.69,-0.3,-0.44,-0.44,0,-0.82
"Maritime Tanker Administration, S.A. ",-0.69,-0.3,-0.44,-0.44,0,-0.82
"Maritime Tanker Services, S.A. ",-0.69,-0.3,-0.44,-0.44,0,-0.82
"Markwell Investments S.A., Inc. ",-0.69,-0.3,-0.44,-0.44,0,-0.82
"Marleny Josefina Contreras Hernández ",-0.69,-0.3,-0.44,2.08,0,0.02
"Maroa Commercial Corp. ",-0.69,-0.3,-0.44,-0.44,0,-0.82
"Marré, Bernal & Asociados ",-0.69,-0.3,-0.44,-0.44,0,-0.82
"Masefield A.G.; Trafigura A.G. ",-0.3,-0.69,-0.44,-0.44,0,-0.82
"Mata & Pitti ",-0.69,-0.3,-0.44,-0.44,0,-0.82
"Matalinda Investment, Inc. ",-0.69,-0.3,-0.44,-0.44,0,-0.82
"Materiales Siderúrgicos, S.A.  ",-0.69,-0.3,-0.44,-0.44,0,-0.82
"Matthias Krull ",-0.3,6.47,-0.44,-0.44,0,4.18
"Mauad & Mauad ",-0.69,-0.3,-0.44,-0.44,0,-0.82
"Mauricio Adrián Castillo ",-0.3,-0.69,-0.44,-0.44,0,-0.82
"Maximiliano Poveda ",-0.3,-0.69,-0.44,-0.44,0,-0.82
"Máximo Bartimolo ",-0.3,-0.69,-0.44,-0.44,0,-0.82
"Maxitech S.A. ",-0.69,-0.3,-0.44,-0.44,0,-0.82
"Maya Green Power ",-0.3,-0.69,-0.44,-0.44,0,-0.82
"Maydonna Ventures Of Florida ",-0.69,-0.3,-0.44,-0.44,0,-0.82
"Mayela Antonina Tarascio Pérez ",-0.3,-0.69,-0.44,-0.44,0,-0.82
"Mazal 17 SL ",-0.69,-0.3,-0.44,-0.44,0,-0.82
"Medina Chavarria & Asociados ",-0.69,-0.3,-0.44,-0.44,0,-0.82
"Megana International LTD ",-0.69,-0.3,-0.44,-0.44,0,-0.82
"Memoser Compañía De Seguros Sa ",-0.69,-0.3,-0.44,-0.44,0,-0.82
"Merol Ganem Development Ltd ",-0.69,-0.3,-0.44,-0.44,0,-0.82
"MFAA Holdings Limited ",-0.69,-0.3,-0.44,-0.44,0,-0.82
"Miami Islands Property LLC ",-0.69,-0.3,-0.44,-0.44,0,-0.82
"Michael Kenwood Group ",-0.69,-0.3,-0.44,-0.44,0,-0.82
"Michel Martelly ",-0.3,-0.69,-0.44,-0.44,0,-0.82
"Michelle Angelo Di Lorenzo Barrios ",-0.69,-0.3,-0.44,-0.44,0,-0.82
"Michols Orsini Quintero ",-0.69,-0.3,-0.44,-0.44,0,-0.82
"Micro Financial Development Fund  ",-0.69,-0.3,-0.44,-0.44,0,-0.82
"Microtol S.R.L.  ",-0.69,-0.3,-0.44,-0.44,0,-0.82
"Miguel Alcides Vivas Landino ",-0.69,-0.3,-0.44,-0.44,0,-0.82
"Miguel Alexander López Mujica ",-0.69,-0.3,-0.44,-0.44,0,-0.82
"Miguel Álvaro Romero ",-0.3,-0.69,-0.44,-0.44,0,-0.82
"Miguel Ángel Armas Rodríguez ",-0.69,-0.3,-0.44,-0.44,0,-0.82
"Miguel Ángel Castillo Lara ",-0.69,-0.3,-0.44,-0.44,0,-0.82
"Miguel Ángel Gómez Núñez ",-0.3,-0.69,-0.44,-0.44,0,-0.82
"Miguel Ángel Loor Centeno  ",-0.69,-0.3,-0.44,-0.44,0,-0.82
"Milagros Coromoto Torres ",-0.3,-0.69,-0.44,-0.44,0,-0.82
"Milas Trading Corp ",-0.69,-0.3,-0.44,-0.44,0,-0.82
"Million Rise Industries, LLC ",-0.69,-0.3,-0.44,1.24,0,-0.26
"Mills Advisors, S.A. ",-0.69,-0.3,-0.44,-0.44,0,-0.82
"Minister of Federal Planning, Public Investment and Services   ",-0.69,-0.3,-0.44,-0.44,0,-0.82
"Minister of People´s Power for Foreign Affairs ",-0.69,-0.3,-0.44,-0.44,0,-0.82
"Minister of People´s Power for Land Transporting and Public Works ",-0.69,-0.3,-0.44,-0.44,0,-0.82
"Ministerial Council of OPEC Fund for International Development  ",-0.69,-0.3,-0.44,-0.44,0,-0.82
"Ministers Council ",-0.69,-0.3,-0.44,-0.44,0,-0.82
"Ministry for Federal Planning, Public Investment and Services  ",-0.69,-0.3,-0.44,-0.44,0,-0.82
"Ministry of Economy, Finances and Public Banking  ",-0.69,-0.3,-0.44,-0.44,0,-0.82
"Ministry of Energy and Mining  ",-0.3,0.1,13,-0.44,0,4.18
"Ministry of Finances ",-0.69,-0.3,-0.44,-0.44,0,-0.82
"Ministry of Foreign Affairs of the Republic of Peru ",-0.69,-0.3,-0.44,-0.44,0,-0.82
"Ministry of Oil and Energy  ",-0.69,-0.3,-0.44,-0.44,0,-0.82
"Ministry of Oil and Mining ",-0.69,-0.3,-0.44,-0.44,0,-0.82
"Ministry of People´s Power for  Communication and Information  ",-0.69,-0.3,-0.44,-0.44,0,-0.82
"Ministry of People´s Power for  Education  ",-0.69,-0.3,-0.44,-0.44,0,-0.82
"Ministry of People´s Power for  Food  ",-0.69,-0.3,-0.44,-0.44,0,-0.82
"Ministry of People´s Power for  Housing and Habitat ",-0.69,-0.3,-0.44,-0.44,0,-0.82
"Ministry of People´s Power for  Oil and Energy ",-0.69,-0.3,-0.44,-0.44,0,-0.82
"Ministry of People´s power for  Public Works  ",-0.69,-0.3,-0.44,-0.44,0,-0.82
"Ministry of People´s Power for  Science, Tecnology and Medium Industries  ",-0.69,-0.3,-0.44,-0.44,0,-0.82
"Ministry of People´s Power for  Universitary Education, Science and Technology ",-0.69,-0.3,-0.44,-0.44,0,-0.82
"Ministry of People´s Power for  Electric Energy  ",-0.69,-0.3,-0.44,-0.44,0,-0.82
"Ministry of People´s Power for Communes and Social Movements   ",-0.69,-0.3,-0.44,-0.44,0,-0.82
"Ministry of People´s Power for Communication and Information   ",-0.69,-0.3,-0.44,-0.44,0,-0.82
"Ministry of People´s Power for Defense  ",-0.69,-0.3,-0.44,-0.44,0,-0.82
"Ministry of People´s Power for Ecological Mining Development  ",-0.69,-0.3,-0.44,-0.44,0,-0.82
"Ministry of People´s Power for Economy   ",-0.69,-0.3,-0.44,-0.44,0,-0.82
"Ministry of People´s Power for Economy and Finances ",-0.69,-0.3,-0.44,-0.44,0,-0.82
"Ministry of People´s Power for Education ",-0.69,-0.3,-0.44,-0.44,0,-0.82
"Ministry of People´s Power for Health ",-0.69,-0.3,-0.44,-0.44,0,-0.82
"Ministry of People´s Power for Industries and National Production  ",-0.69,-0.3,-0.44,-0.44,0,-0.82
"Ministry of People´s Power for Internal Affairs, Justice and Peace  ",-0.69,-0.3,-0.44,-0.44,0,-0.82
"Ministry of People´s Power for Light Industries and Commerce ",-0.69,-0.3,-0.44,-0.44,0,-0.82
"Ministry of People´s Power for Oil and Mining   ",-0.69,-0.3,-0.44,-0.44,0,-0.82
"Ministry of People´s Power for Penitentiary Service  ",-0.69,-0.3,-0.44,-0.44,0,-0.82
"Ministry of People´s Power for Planning ",-0.69,-0.3,-0.44,-0.44,0,-0.82
"Ministry of People´s Power for Presidency Office and Follow up of Government Administration ",-0.69,-0.3,-0.44,-0.44,0,-0.82
"Ministry of People´s Power for Presidency Office and Follow up of Government Administration  ",-0.69,-0.3,-0.44,-0.44,0,-0.82
"Ministry of People´s Power for Social Proccess of Work   ",-0.69,-0.3,-0.44,-0.44,0,-0.82
"Ministry of People´s Power for Soil and Agriculture  ",-0.69,-0.3,-0.44,-0.44,0,-0.82
"Ministry of People´s Power for Tourism ",-0.69,-0.3,-0.44,-0.44,0,-0.82
"Ministry of People´s Power for Transport ",-0.69,-0.3,-0.44,-0.44,0,-0.82
"Ministry of People´s Power for Urban Agriculture   ",-0.69,-0.3,-0.44,-0.44,0,-0.82
"Ministry of People´s Power for Water and Air Transportation  ",-0.69,-0.3,-0.44,-0.44,0,-0.82
"Ministry of People´s Power for Youth  ",-0.69,-0.3,-0.44,-0.44,0,-0.82
"Ministry of People´s Power of Economy and Finances  ",-0.69,-0.3,-0.44,-0.44,0,-0.82
"Ministry of People´s Power of Planning and Finances  ",-0.69,-0.3,-0.44,-0.44,0,-0.82
"Ministry of Science, Technology and Medium Industries  ",-0.69,-0.3,-0.44,-0.44,0,-0.82
"Ministry of State for the New Peace Frontier   ",-0.69,-0.3,-0.44,-0.44,0,-0.82
"Ministry of State for Transformation of Caracas  ",-0.69,-0.3,-0.44,-0.44,0,-0.82
"Minstry of Foreign Affairs of the Republic of Peru  ",-0.69,-0.3,-0.44,-0.44,0,-0.82
"Mireya Carolina Hidalgo Sarría ",-0.29,-0.3,-0.44,-0.44,0,-0.54
"Miriam Altagracia Serret Sugrañez ",-0.3,-0.69,-0.44,-0.44,0,-0.82
"Miriam Serret Aponte Acosta ",-0.3,-0.69,-0.44,-0.44,0,-0.82
"Misión Milagro Foundation ",-0.69,-0.3,-0.44,-0.44,0,-0.82
"Misión Ribas Foundation ",-0.69,-0.3,-0.44,-0.44,0,-0.82
"Mj Box Tool , S.A. ",-0.69,-0.3,-0.44,-0.44,0,-0.82
"Mohammad Hans Dastmaltchi ",-0.3,-0.69,-0.44,-0.44,0,-0.82
"Moisés Abraham Millán Escobar ",-0.3,-0.69,-0.44,-0.44,0,-0.82
"Moisés Maiónica ",-0.3,-0.69,-0.44,-0.44,0,-0.82
"Monolith Investment S.A. ",-0.3,-0.69,-0.44,0.4,0,-0.54
"Monómeros Colombo Venezolanos S.A. ",0.1,-0.3,-0.44,-0.44,0,-0.26
"Monómeros International LTD ",-0.29,-0.3,-0.44,-0.44,0,-0.54
"Monterrey Management Limited  ",-0.69,-0.3,-0.44,-0.44,0,-0.82
"Morela Ramona Hernández de Morón ",-0.69,-0.3,-0.44,-0.44,0,-0.82
"Moreno y Fabrega  ",-0.69,-0.3,-0.44,-0.44,0,-0.82
"Morgan y Morgan ",-0.69,-0.3,-0.44,-0.44,0,-0.82
"Mossack Fonseca & Co. ",-0.69,-0.3,-0.44,-0.44,0,-0.82
"Muldan Associates S.A. ",-0.69,-0.3,-0.44,-0.44,0,-0.82
"Multitex International Trading ,S.A ",-0.69,-0.3,-0.44,-0.44,0,-0.82
"Multitex International Trading, S.A. ",-0.69,-0.3,-0.44,-0.44,0,-0.82
"Musical Foundation Simón Bolívar ",-0.69,-0.3,-0.44,-0.44,0,-0.82
"N133JA ",-0.69,-0.3,-0.44,-0.44,0,-0.82
"Nakasawa Mining & Energy Ltd. ",-0.29,-0.3,-0.44,-0.44,0,-0.54
"Naman Wakil ",5.28,-0.3,1.24,-0.44,0,3.9
"Nanko Capital Sl. ",-0.69,-0.3,-0.44,-0.44,0,-0.82
"Nasib Nehme ",-0.69,-0.3,-0.44,-0.44,0,-0.82
"Natacha Castillo González ",-0.69,-0.3,-0.44,-0.44,0,-0.82
"National  Service of Administration and Disposal of Insured or Seized, Confiscated and Forfeited Assets  ",-0.69,-0.3,-0.44,-0.44,0,-0.82
"National Anti-Drug Office  ",-0.69,-0.3,-0.44,-0.44,0,-0.82
"National Anti - drugs Fund  ",-0.69,-0.3,-0.44,-0.44,0,-0.82
"National Assembly ",-0.69,-0.3,-0.44,-0.44,0,-0.82
"National Audience ",-0.69,-0.3,-0.44,-0.44,0,-0.82
"National Bank of Housing  and Habitat  ",-0.69,-0.3,-0.44,-0.44,0,-0.82
"National Bolivarian Armed Force  ",-0.69,-0.3,-0.44,-0.44,0,-0.82
"National Bolivarian Guard  ",-0.69,-0.3,-0.44,-0.44,0,-0.82
"National Bolivarian Police  ",-0.69,-0.3,-0.44,-0.44,0,-0.82
"National Bolivarian Police Corps  ",-0.69,-0.3,-0.44,-0.44,0,-0.82
"National Budget Office   ",-0.69,-0.3,-0.44,-0.44,0,-0.82
"National Center of Foreign Trade  ",-0.69,-0.3,-0.44,-0.44,0,-0.82
"National Commercial Court  ",-0.69,-0.3,-0.44,-0.44,0,-0.82
"National Commission against  Money Laundering ",-0.69,-0.3,-0.44,-0.44,0,-0.82
"National Commission against Smuggling ",-0.69,-0.3,-0.44,-0.44,0,-0.82
"National Commission of Telecommunications  ",-0.69,-0.3,-0.44,-0.44,0,-0.82
"National Court of Justice ",-0.69,-0.3,-0.44,-0.44,0,-0.82
"National Development Fund  ",-0.69,-0.3,-0.44,-0.44,0,-0.82
"National Direction of Intelligence and Prevention Services of Venezuela  ",-0.69,-0.3,-0.44,-0.44,0,-0.82
"National Electoral Council  ",-0.69,-0.3,-0.44,-0.44,0,-0.82
"National Electric Corporation  ",1.7,16.65,1.24,27.29,0,13.06
"National Entity of Gas  ",-0.3,-0.69,-0.44,-0.44,0,-0.82
"National Executive Power ",-0.69,-0.3,-0.44,-0.44,0,-0.82
"National Experimental University of Security  ",-0.69,-0.3,-0.44,-0.44,0,-0.82
"National Housing Commission  ",-0.69,-0.3,-0.44,-0.44,0,-0.82
"National Institute for Development of Small and Medium Enterprises  ",-0.69,-0.3,-0.44,-0.44,0,-0.82
"National Institute of Land Transit and Transportation   ",-0.69,-0.3,-0.44,-0.44,0,-0.82
"National Institute of Lands  ",-0.69,-0.3,-0.44,-0.44,0,-0.82
"National Institute of Rural Development   ",-0.69,-0.3,-0.44,-0.44,0,-0.82
"National Institute of Training and Socialist Education  ",-0.69,-0.3,-0.44,-0.44,0,-0.82
"National Integrated Service of Tax and Tribute Administration  ",-0.69,-0.3,-0.44,-0.44,0,-0.82
"National Limited Company of Phones of Venezuela  ",0.1,9.12,0.4,4.6,0,3.07
"National Mission Fund  ",-0.3,-0.69,-0.44,-0.44,0,-0.82
"National Steel Complex Planta Casima ",-0.69,-0.3,-0.44,-0.44,0,-0.82
"National Superintendence for Defense of Social - Economic Rights  ",-0.69,-0.3,-0.44,-0.44,0,-0.82
"National Treasury Office  ",4.88,-0.3,-0.44,8.8,0,6.12
"Negro Primero Fund ",-0.3,-0.69,-0.44,-0.44,0,-0.82
"Nelson Cabral Veras ",-0.69,-0.3,-0.44,-0.44,0,-0.82
"Nelson José Merentes Díaz ",-0.3,-0.69,1.24,-0.44,0,-0.26
"Nelson Pablo Martínez ",-0.69,-0.3,-0.44,-0.44,0,-0.82
"Nelson Reinaldo Lepaje Salazar ",-0.69,-0.3,-0.44,-0.44,0,-0.82
"Nelson Serret Sugrañez ",-0.69,-0.3,-0.44,-0.44,0,-0.82
"Nervis Gerardo Villalobos Cárdenas ",58.26,31.14,96.18,18.04,0,67.99
"Néstor Carlos Kirchner ",-0.3,-0.69,-0.44,-0.44,0,-0.82
"Néstor Luis Reverol Torres ",42.33,3.47,2.08,32.33,0,41.35
"Nestor Molina  ",-0.3,-0.69,-0.44,-0.44,0,-0.82
"Néstor Neptali Blanco Hurtado ",-0.69,-0.3,-0.44,-0.44,0,-0.82
"Nevsky Group, Inc. ",-0.69,-0.3,-0.44,-0.44,0,-0.82
"New Magic Group Inc ",-0.69,-0.3,-0.44,-0.44,0,-0.82
"New Neighborhood Great Mission; Tricolor Neighborhood ",-0.69,-0.3,-0.44,-0.44,0,-0.82
"Nice Day S.R.L. ",-0.69,-0.3,-0.44,-0.44,0,-0.82
"Nicolás Ernesto Maduro Guerra ",-0.69,-0.3,-0.44,-0.44,0,-0.82
"Nicolás Maduro Moros ",16.44,16.65,9.64,33.17,0,28.04
"Noor Plantation Investments LLC  ",-0.3,-0.69,-0.44,-0.44,0,-0.82
"Nordan Hertz Mesa ",-0.69,-0.3,-0.44,-0.44,0,-0.82
"Norka Josefina Luque de Martínez ",-0.3,-0.69,-0.44,-0.44,0,-0.82
"Nulife Hoteles S.R.L. ",-0.69,-0.3,-0.44,-0.44,0,-0.82
"Oakmont Mercantile, Inc. ",-0.69,-0.3,-0.44,-0.44,0,-0.82
"Obelisk Global S.A. ",-0.69,-0.3,-0.44,-0.44,0,-0.82
"Ocean Bussiness Ltd  ",-0.69,-0.3,-0.44,-0.44,0,-0.82
"Oceanus Investors Corp. ",-0.69,-0.3,-0.44,-0.44,0,-0.82
"October Ventures Ltd  ",-0.69,-0.3,-0.44,-0.44,0,-0.82
"Odebrecht ",16.44,-0.3,-0.44,6.28,0,13.33
"Office of Foreign Assets Control  ",-0.3,-0.69,-0.44,-0.44,0,-0.82
"Omar Jesús Farías Luces ",11.26,-0.3,12.16,-0.44,0,11.67
"Omar Prieto ",-0.3,-0.69,-0.44,-0.44,0,-0.82
"One Allied Biltmore Medical Corporation ",-0.69,-0.3,-0.44,-0.44,0,-0.82
"One Allied College Park Corporation ",-0.69,-0.3,-0.44,-0.44,0,-0.82
"Onry José Romero ",-0.69,-0.3,-0.44,-0.44,0,-0.82
"Orbey Inc. ",-0.69,-0.3,-0.44,-0.44,0,-0.82
"Orlando José Yori Rivas ",-0.69,-0.3,-0.44,-0.44,0,-0.82
"Oro Azul, S.A. ",-0.69,-0.3,-0.44,-0.44,0,-0.82
"Oscar Albin Dávila Rondón ",-0.69,-0.3,-0.44,-0.44,0,-0.82
"Óscar Farez  ",-0.69,-0.3,-0.44,-0.44,0,-0.82
"Oscar Rafael Colmenares Villalobos ",-0.69,-0.3,-0.44,-0.44,0,-0.82
"Osvaldo Basteri ",-0.3,-0.69,-0.44,-0.44,0,-0.82
"Oswald International Limited ",-0.69,-0.3,-0.44,-0.44,0,-0.82
"Owens & Watson ",-0.69,-0.3,-0.44,-0.44,0,-0.82
"P&S International Inc ",-0.69,-0.3,-0.44,-0.44,0,-0.82
"Pablo M. Kenig ",-0.69,-0.3,-0.44,-0.44,0,-0.82
"Pablo Noanda González ",-0.69,-0.3,-0.44,-0.44,0,-0.82
"Pablo Pérez ",-0.3,-0.69,-0.44,-0.44,0,-0.82
"Paladium Real Estate Group LLC ",-0.69,-0.3,-0.44,-0.44,0,-0.82
"Palmill Investments, SA ",-0.69,-0.3,-0.44,-0.44,0,-0.82
"Panazeate SL ",-0.69,-0.3,-0.44,-0.44,0,-0.82
"Paninvest Global Enterprises Inc. ",-0.69,-0.3,-0.44,-0.44,0,-0.82
"Paoro Armored Transport Aruba ",-0.69,-0.3,-0.44,-0.44,0,-0.82
"Pasale, LLC ",-0.3,-0.69,-0.44,-0.44,0,-0.82
"Patricia Ferrando ",-0.69,-0.3,-0.44,-0.44,0,-0.82
"Paul Rosado ",-0.69,-0.3,-0.44,-0.44,0,-0.82
"PDV Caribe S.A.  ",-0.3,-0.69,-0.44,-0.44,0,-0.82
"PDVIC ",-0.69,-0.3,-0.44,-0.44,0,-0.82
"Pdvsa Agrícola, S.A. ",-0.3,-0.69,-0.44,-0.44,0,-0.82
"Pdvsa MARKETING INTERNATIONAL S.A. ",-0.69,-0.3,-0.44,-0.44,0,-0.82
"Pdvsa Panama, S.A. ",-0.69,-0.3,-0.44,-0.44,0,-0.82
"Pdvsa. Mixed Company Pdvsa – GAZPROM  ",-0.69,-0.3,-0.44,-0.44,0,-0.82
"Pedro Alexander Rojas Bustamante ",-0.69,-0.3,-0.44,-0.44,0,-0.82
"Pedro Binaggia ",10.46,-0.3,1.24,-0.44,0,7.51
"Pedro Emilio Silva Conde ",-0.3,-0.69,-0.44,-0.44,0,-0.82
"Pedro Fritz Morejon Carrillo ",-0.3,-0.69,-0.44,-0.44,0,-0.82
"Pedro Luis Martin Olivares ",-0.69,-0.3,-0.44,-0.44,0,-0.82
"Pedro Luis Martín Oliveros ",-0.3,-0.69,-0.44,-0.44,0,-0.82
"Pedro Miguel Carreño Escobar ",-0.3,-0.69,-0.44,-0.44,0,-0.82
"Pedro Rolando Maldonado ",-0.69,-0.3,-0.44,-0.44,0,-0.82
"Pedro Trebbau ",-0.69,-0.3,-0.44,1.24,0,-0.26
"Pedula Holding, S.A. ",-0.69,-0.3,-0.44,-0.44,0,-0.82
"People´s Ombudsman ",-0.69,-0.3,-0.44,-0.44,0,-0.82
"Perdigao Agroindustrial Group Inc. ",-0.69,-0.3,-0.44,-0.44,0,-0.82
"Petroandina ",-0.69,-0.3,-0.44,-0.44,0,-0.82
"Petrocedeño S.A ",-0.69,-0.3,-0.44,-0.44,0,-0.82
"Petrocedeño S.A. ",-0.69,-0.3,-0.44,-0.44,0,-0.82
"Petrochemical Sales LTD ",-0.69,-0.3,-0.44,-0.44,0,-0.82
"Petróleos de Venezuela S.A.  ",524.32,775.36,120.54,3007.25,0,1512.33
"Petróleos de Venezuela S.A.  Gas ",-0.3,-0.69,-0.44,2.92,0,0.29
"Petrolera Sinovensa S.A. ",-0.69,-0.3,-0.44,-0.44,0,-0.82
"Petromonagas S.A. ",-0.69,-0.3,-0.44,-0.44,0,-0.82
"Petropiar S.A. ",-0.69,-0.3,-0.44,-0.44,0,-0.82
"Petroquímica de Venezuela, S.A.  ",-0.69,-0.3,-0.44,-0.44,0,-0.82
"Petrosuministros, S.A. ",-0.69,-0.3,-0.44,-0.44,0,-0.82
"Petrozamora S.A. ",-0.69,-0.3,-0.44,-0.44,0,-0.82
"Phoenix World Trade Off Shore,S.A. 3741068 ",-0.69,-0.3,-0.44,-0.44,0,-0.82
"Piedad Cordoba ",-0.69,-0.3,-0.44,-0.44,0,-0.82
"Plascot Limited ",-0.69,-0.3,-0.44,-0.44,0,-0.82
"Pomerol Investments Group S.A. ",-0.69,-0.3,-0.44,-0.44,0,-0.82
"Postar Intertrade Limited ",0.5,-0.3,-0.44,1.24,0,0.57
"Potrico Corp. ",-0.69,-0.3,-0.44,-0.44,0,-0.82
"Precocidos de El Salvador  ",-0.69,-0.3,-0.44,-0.44,0,-0.82
"Presidency of the Republic  ",-0.3,-0.69,-0.44,-0.44,0,-0.82
"Presidential Commission to Celebrate Bicentennial Birthday of People´s General  Ezequiel Zamora ",-0.69,-0.3,-0.44,-0.44,0,-0.82
"Presidential Office ",-0.69,-0.3,-0.44,-0.44,0,-0.82
"Pride International, Inc ",-0.69,-0.3,-0.44,-0.44,0,-0.82
"Private Bank of Andorra ",-0.3,-0.69,-0.44,-0.44,0,-0.82
"Proalco S.A ",-0.69,-0.3,-0.44,-0.44,0,-0.82
"Procuraduria Foundation  ",-0.69,-0.3,-0.44,-0.44,0,-0.82
"Productora y Distribuidora Venezolana de Alimentos S.A.  ",-0.29,-0.3,-0.44,0.4,0,-0.26
"Profit Corporation C.A. ",0.9,-0.3,-0.44,1.24,0,0.85
"Profit International Supply Corp. ",-0.69,-0.3,-0.44,-0.44,0,-0.82
"Prosecutor ",-0.69,-0.3,-0.44,-0.44,0,-0.82
"Prospermundo ",-0.69,-0.3,-0.44,-0.44,0,-0.82
"Prymera Asesores S.A.  ",-0.3,-0.69,-0.44,-0.44,0,-0.82
"Public Defense ",-0.69,-0.3,-0.44,-0.44,0,-0.82
"Public Ministry ",-0.69,-0.3,-0.44,-0.44,0,-0.82
"Punta Perla Condominiums, S.A. ",-0.69,-0.3,-0.44,-0.44,0,-0.82
"Qfiina Machinery Engineering Corporation ",-0.69,-0.3,-0.44,-0.44,0,-0.82
"Quatro Marcos Ltda S.A. ",-0.3,-0.69,-0.44,-0.44,0,-0.82
"Quest Investment Group Inc ",-0.69,-0.3,-0.44,-0.44,0,-0.82
"Quiana Trading Limited  ",-0.69,-0.3,-0.44,-0.44,0,-0.82
"Rafael Alejandro Lacava Evangelista ",-0.69,-0.3,-0.44,-0.44,0,-0.82
"Rafael Alfredo Sarría Díaz ",-0.69,3.47,-0.44,6.28,0,1.96
"Rafael Antonio Franco Quintero  ",-0.69,-0.3,-0.44,-0.44,0,-0.82
"Rafael Antonio Villasana Fernández ",-0.69,-0.3,-0.44,-0.44,0,-0.82
"Rafael Darío Ramírez Carreño ",24.26,-0.69,30.65,-0.44,0,13.06
"Rafael Eduardo Isea Romero ",-0.3,0.9,1.24,-0.44,0,0.85
"Rafael Enrique Abreu Anselmi ",-0.69,-0.3,-0.44,-0.44,0,-0.82
"Rafael Enrique Bastardo Mendoza ",-0.69,-0.3,-0.44,-0.44,0,-0.82
"Rafael Enrique Belisario Peraza ",-0.69,-0.3,-0.44,-0.44,0,-0.82
"Rafael Enrique Pinto Franceschi ",-0.3,-0.69,-0.44,-0.44,0,-0.82
"Rafael González Zambrano ",-0.3,-0.69,-0.44,-0.44,0,-0.82
"Rafael Ramón Blanco Marrero ",-0.3,-0.69,-0.44,-0.44,0,-0.82
"Rafael Reiter ",-0.69,-0.3,-0.44,-0.44,0,-0.82
"Rafael Yastrenki Lud Betancourt Rivas ",-0.69,-0.3,-0.44,-0.44,0,-0.82
"RaMay Associated LLC ",-0.69,-0.3,-0.44,-0.44,0,-0.82
"Ramón Alonso Carrizalez Rengifo ",-0.69,-0.3,-0.44,-0.44,0,-0.82
"Ramón Eduardo Pérez Parra ",-0.69,-0.3,-0.44,-0.44,0,-0.82
"Ramón Elías Morales Rossi ",-0.69,-0.3,-0.44,-0.44,0,-0.82
"Ramón Emilio Rodríguez Chacín ",-0.3,-0.69,-0.44,-0.44,0,-0.82
"Ramón Guillén Dávila ",-0.69,-0.3,-0.44,-0.44,0,-0.82
"Ramón Orlando Aguilar Labrador ",-0.69,-0.3,-0.44,-0.44,0,-0.82
"Ramón Rafael Campos Cabello ",0.1,-0.3,-0.44,0.4,0,0.02
"Randy Gregorio Rodríguez Espinoza ",-0.69,-0.3,-0.44,-0.44,0,-0.82
"Rantor Capital, C.A. ",-0.69,-0.3,-0.44,-0.44,0,-0.82
"Rasic Hermanos ",-0.69,-0.3,-0.44,-0.44,0,-0.82
"Raúl Eduardo Saavedra Leterni ",-0.3,-0.69,1.24,-0.44,0,-0.26
"Raúl Gorrín Belisario ",12.85,44.89,7.12,90.3,0,47.74
"Raúl Isaías Baduel ",-0.3,-0.69,-0.44,-0.44,0,-0.82
"Raúl Morodo Leoncio ",-0.69,-0.3,-0.44,1.24,0,-0.26
"Real State consultant Clab ",-0.3,-0.69,-0.44,-0.44,0,-0.82
"Recreational Club of the National Oil,  Petrochemical and Coal Industry  ",-0.69,-0.3,-0.44,-0.44,0,-0.82
"Red Bouquet Foundation ",0.1,-0.3,-0.44,-0.44,0,-0.26
"Red Tv ",-0.3,-0.69,-0.44,-0.44,0,-0.82
"Refinería del Pacífico  ",-0.69,-0.3,-0.44,-0.44,0,-0.82
"Reinaldo Enrique Muñoz Pedroza ",-0.3,5.67,-0.44,0.4,0,3.9
"Reinaldo Luis Ramíez Carreño ",-0.69,-0.3,-0.44,-0.44,0,-0.82
"Remigio Ceballos Ichaso ",-0.3,-0.69,-0.44,-0.44,0,-0.82
"Renova Energy  ",-0.69,-0.3,-0.44,-0.44,0,-0.82
"Republican Ethical  Council ",-0.3,-0.69,-0.44,-0.44,0,-0.82
"Retirees and pensioners Fund  ",-0.69,-0.3,-0.44,-0.44,0,-0.82
"Revolutionary Armed Forces of Colombia  ",-0.69,-0.3,-0.44,-0.44,0,-0.82
"Riada Rudy Aamer ",-0.69,-0.3,-0.44,-0.44,0,-0.82
"Ricardo José Rincón Bravo ",-0.69,-0.3,-0.44,-0.44,0,-0.82
"Ricardo Pastor Morón Crespo ",-0.69,-0.3,-0.44,-0.44,0,-0.82
"Ricardo Salgado ",-0.69,-0.3,-0.44,0.4,0,-0.54
"Richard Canan ",-0.3,-0.69,-0.44,-0.44,0,-0.82
"Richard López Vargas ",-0.3,-0.69,-0.44,-0.44,0,-0.82
"Richard Samuel Canán Durán ",-0.69,-0.3,-0.44,-0.44,0,-0.82
"RIM Group Investments I Corp ",-0.3,-0.69,-0.44,-0.44,0,-0.82
"RIM Group Investments II Corp ",-0.69,-0.3,-0.44,-0.44,0,-0.82
"RIM Group Investments III Corp ",-0.69,-0.3,-0.44,-0.44,0,-0.82
"RIM Group Investments, Corp ",-0.69,-0.3,-0.44,-0.44,0,-0.82
"Rio Arriba 6, S.A. ",-0.69,-0.3,-0.44,-0.44,0,-0.82
"Rivsa, S.A. ",-0.69,-0.3,-0.44,-0.44,0,-0.82
"Roberto Enrique Rincón Fernández ",6.88,3.47,2.08,11.32,0,9.73
"Roberto Vignati ",-0.3,-0.69,-0.44,-0.44,0,-0.82
"Robinson Ruíz Guerrero ",-0.3,-0.69,-0.44,-0.44,0,-0.82
"Robles y Robles ",-0.69,-0.3,-0.44,-0.44,0,-0.82
"Rocco Albisinni Serrano ",0.1,-0.3,-0.44,-0.44,0,-0.26
"Rocío del Valle Maneiro González ",-0.69,-0.3,-0.44,-0.44,0,-0.82
"Rodolfo Clemente Marco Torres ",-0.3,-0.69,-0.44,-0.44,0,-0.82
"Rodolfo José Reyes Rojas ",-0.69,-0.3,-0.44,-0.44,0,-0.82
"Rodolfo Wanseele Paciello ",-0.69,-0.3,-0.44,-0.44,0,-0.82
"Rolando Cabral ",-0.3,-0.69,-0.44,-0.44,0,-0.82
"Ronald Enrique Marcella García ",-0.3,-0.69,-0.44,-0.44,0,-0.82
"Rosa María Morán ",-0.69,-0.3,-0.44,-0.44,0,-0.82
"Rosalin Mogollón Almeida ",-0.69,-0.3,-0.44,-0.44,0,-0.82
"Rosas y Rosas ",-0.3,-0.69,-0.44,-0.44,0,-0.82
"Roselbit Susana Mujica Silva ",-0.69,-0.3,-0.44,-0.44,0,-0.82
"Rosycela Díaz Gil ",-0.69,-0.3,-0.44,-0.44,0,-0.82
"Rowntree Properties, Inc ",-0.3,-0.69,-0.44,-0.44,0,-0.82
"Roy Chaderton Matos ",-0.69,-0.3,-0.44,-0.44,0,-0.82
"Rubén Dario Higuera Olivare ",-0.69,-0.3,-0.44,-0.44,0,-0.82
"Rubén Darío Santiago Servigna ",-0.3,-0.69,-0.44,-0.44,0,-0.82
"Rudy Giuliani ",-0.69,-0.3,-0.44,-0.44,0,-0.82
"Rugby Z.L,S.A. ",-0.69,-0.3,-0.44,-0.44,0,-0.82
"Rui Manuel Antunes Mão De Ferro ",-0.69,-0.3,-0.44,-0.44,0,-0.82
"Rui Miguel De Oliveira Horta E. Costa ",-0.69,-0.3,-0.44,-0.44,0,-0.82
"Rv Trade Corporation ",-0.69,-0.3,-0.44,-0.44,0,-0.82
"Saab Certain & Compañía ",-0.69,-0.3,-0.44,-0.44,0,-0.82
"Saab Gruppo Foundation ",-0.69,-0.3,-0.44,-0.44,0,-0.82
"Saafartex InterNational S.A.S. ",-0.69,-0.3,-0.44,-0.44,0,-0.82
"Saafartex S.A. ",-0.69,-0.3,-0.44,-0.44,0,-0.82
"SAI Advisors Inc. ",-0.69,-0.3,-0.44,-0.44,0,-0.82
"Saint -Heller ",-0.69,-0.3,-0.44,-0.44,0,-0.82
"Saldum Ventures SL ",-0.3,-0.69,-0.44,-0.44,0,-0.82
"Salomón Korn Mitrani ",-0.69,-0.3,-0.44,-0.44,0,-0.82
"Samark José López Bello ",1.59,48.25,26.45,1.24,0,43.02
"Samuel Gauro ",-0.3,-0.69,-0.44,-0.44,0,-0.82
"Samuel Sánchez Boada ",-0.3,-0.69,-0.44,-0.44,0,-0.82
"Sancor Cooperativas Unidas ",-0.3,-0.69,-0.44,-0.44,0,-0.82
"Sandra Oblitas ",-0.3,-0.69,-0.44,-0.44,0,-0.82
"Sands Quest Computacion, Corp. ",-0.69,-0.3,-0.44,-0.44,0,-0.82
"Sanford Global Inc. ",-0.69,-0.3,-0.44,-0.44,0,-0.82
"Sanros Filho ",-0.69,-0.3,-0.44,-0.44,0,-0.82
"Sarah Moya ",1.59,-0.69,-0.44,-0.44,0,-0.54
"Scientific, Penal and Criminal investigations Corp . ",-0.3,-0.69,-0.44,-0.44,0,-0.82
"Scruton Investment Corp. ",-0.69,-0.3,-0.44,-0.44,0,-0.82
"Sea Side Services Inc ",-0.69,-0.3,-0.44,-0.44,0,-0.82
"Seafire Foundation ",-0.69,-0.3,-0.44,-0.44,0,-0.82
"Sectoral General Direction of Intelligence and Prevention Services ,  former intelligence service.  ",-0.69,-0.3,-0.44,-0.44,0,-0.82
"Sectoral Vice - Presidency for Social Development and Revolution of Missions  ",-0.69,-0.3,-0.44,-0.44,0,-0.82
"Sectoral Vice - Presidency of Economy ",-0.69,-0.3,-0.44,-0.44,0,-0.82
"Security Team of Hugo Chávez Frías ",-0.69,-0.3,-0.44,-0.44,0,-0.82
"Seguros Constitución S.A. ",-0.69,-0.3,-0.44,-0.44,0,-0.82
"Sergio Alejandro Silvio Prato ",-0.69,-0.3,-0.44,-0.44,0,-0.82
"Sergio De La Vega ",-0.69,-0.3,-0.44,-0.44,0,-0.82
"Sergio Kreutzer ",-0.3,-0.69,-0.44,-0.44,0,-0.82
"Sergio Rivero Marcano ",-0.3,-0.69,-0.44,-0.44,0,-0.82
"Sertinsa Holdings S.A. ",-0.69,-0.3,-0.44,-0.44,0,-0.82
"Service of National Fund for People´s Power  ",-0.69,-0.3,-0.44,-0.44,0,-0.82
"Servicio Urbano de Procesamiento, Recaudación, Recolección y Aseo Miranda S.A. Supramiranda ",-0.69,-0.3,-0.44,-0.44,0,-0.82
"Servicios Tecnológicos Industriales C. A. ",-0.69,-0.3,-0.44,-0.44,0,-0.82
"Seuxis Paucis Hernández Solarte ",-0.69,-0.3,-0.44,-0.44,0,-0.82
"Seventh Tribunal of Criminal Guarantees  ",-0.69,-0.3,-0.44,-0.44,0,-0.82
"SGO Group Corp  ",-0.69,-0.3,-0.44,-0.44,0,-0.82
"Shadi Nain Saab Certain ",-0.69,-0.3,-0.44,-0.44,0,-0.82
"Shandong Kerui Petroleum Equima Co Ltd ",-0.69,-0.3,-0.44,-0.44,0,-0.82
"Shatex ",-0.3,-0.69,-0.44,-0.44,0,-0.82
"Shellbill Finance SA ",-0.69,-0.3,-0.44,-0.44,0,-0.82
"Sichuan Changong Network Technologies Co Ltd ",-0.69,-0.3,-0.44,2.92,0,0.29
"Silver Mount Group Inc. ",-0.3,-0.69,-0.44,-0.44,0,-0.82
"Simón Zerpa Delgado ",-0.69,-0.3,-0.44,-0.44,0,-0.82
"Sinohydro Corporation Limited ",-0.69,-0.3,-0.44,-0.44,0,-0.82
"Siul Tucutru, Corp. ",-0.3,-0.69,-0.44,-0.44,0,-0.82
"SMT Tecnologia, C.A. ",-0.69,-0.3,-0.44,-0.44,0,-0.82
"Soberón y Asociados ",-0.69,-0.3,-0.44,-0.44,0,-0.82
"Socialist Corporation of Telecommunications and Postal Services  ",-0.69,-0.3,-0.44,-0.44,0,-0.82
"Sociedad Administradora de Puertos Continental S.R.L.   ",-0.69,-0.3,-0.44,-0.44,0,-0.82
"Sociedad Distribuidora y Comercializadora de Combustibles y Lubricantes ",-0.69,-0.3,-0.44,-0.44,0,-0.82
"Sociedad Mercantil Almacenes e Hipermercados Éxito C.A ",-0.3,-0.69,-0.44,-0.44,0,-0.82
"Societe Carentan S.A. ",-0.69,-0.3,-0.44,-0.44,0,-0.82
"Societe Castelnau S.A. ",-0.69,-0.3,-0.44,-0.44,0,-0.82
"Societe Doberan, S.A. ",-0.69,-0.3,-0.44,-0.44,0,-0.82
"Societe Hedisson, S.A. ",-0.3,-0.69,-0.44,-0.44,0,-0.82
"Societe Hellin, S.A. ",-0.3,-0.69,-0.44,-0.44,0,-0.82
"Societe Marset, S.A. ",-0.3,-0.69,-0.44,-0.44,0,-0.82
"Socorro Elizabeth Hernández de Hernández ",-0.69,-0.3,-0.44,-0.44,0,-0.82
"Sofia Mesquita Carvalho Fava ",-0.69,-0.3,-0.44,-0.44,0,-0.82
"Solar Cargo INC.  ",-0.69,-0.3,-0.44,-0.44,0,-0.82
"Solar Cargo, Inc. ",-0.69,-0.3,-0.44,-0.44,0,-0.82
"Sometimes, S.A. ",-0.69,-0.3,-0.44,-0.44,0,-0.82
"South Bank International LLC ",-0.69,-0.3,-0.44,-0.44,0,-0.82
"Sovereign People Foundation  ",-0.69,-0.3,-0.44,-0.44,0,-0.82
"Spanish Partnership Metro System  ",-0.69,-0.3,-0.44,-0.44,0,-0.82
"Sportex Zona Libre S.A ",-0.69,-0.3,-0.44,-0.44,0,-0.82
"Stockwin Enterprises Inc. ",-0.69,-0.3,-0.44,-0.44,0,-0.82
"Strategy Partners International, Ltd. ",-0.69,-0.3,-0.44,-0.44,0,-0.82
"Stratus Group ",-0.69,-0.3,-0.44,-0.44,0,-0.82
"Sucre Briceño & Co ",-0.69,-0.3,-0.44,-0.44,0,-0.82
"Sucre, Arias & Reyes ",-0.3,-0.69,-0.44,-0.44,0,-0.82
"Sucre, Arias, Castro & Reyes ",-0.69,-0.3,-0.44,-0.44,0,-0.82
"Suministros Venezolanos Industriales C.A  ",-0.69,-0.3,-0.44,-0.44,0,-0.82
"Suministros Venezolanos Industriales C.A.  ",-0.69,-0.3,-0.44,-0.44,0,-0.82
"Sunblaze Foundation ",-0.3,-0.69,-0.44,-0.44,0,-0.82
"Suntech Solar Haiti, S.A. ",-0.69,-0.3,-0.44,-0.44,0,-0.82
"Superior Court of Accounts  ",-0.69,-0.3,-0.44,-0.44,0,-0.82
"Supervision, Études, Construction S.A.  ",-0.69,-0.3,-0.44,-0.44,0,-0.82
"Supreme Court of Andorra ",-0.69,-0.3,-0.44,-0.44,0,-0.82
"Supreme Court of Justice  ",-0.69,-0.3,-0.44,-0.44,0,-0.82
"Susana Coromoto Acosta ",-0.69,-0.3,-0.44,-0.44,0,-0.82
"Susana Virgina Barreiros Rodríguez ",-0.69,-0.3,-0.44,-0.44,0,-0.82
"Svmi Solution, Llc ",-0.69,-0.3,-0.44,-0.44,0,-0.82
"Tania D´Amelio Cardiet  ",-0.69,-0.3,-0.44,-0.44,0,-0.82
"Tania Valentina Díaz ",-0.69,-0.3,-0.44,-0.44,0,-0.82
"Tanker Administrators Corp ",-0.69,-0.3,-0.44,-0.44,0,-0.82
"Tareck Zaidan El Aissami Maddah ",98.1,39.24,65.09,65.93,0,117.37
"Tarek William Saab Halabi ",-0.3,-0.69,-0.44,-0.44,0,-0.82
"Tastor Inc. ",-0.69,-0.3,-0.44,-0.44,0,-0.82
"Tecal Trading INC ",-0.69,-0.3,-0.44,-0.44,0,-0.82
"Techno Energy,S.A. ",-0.69,-0.3,0.4,-0.44,0,-0.54
"Técnicas Reunidas Terca Ca ",-0.69,-0.3,-0.44,-0.44,0,-0.82
"Telecomunicaciones Movilnet, C.A. ",-0.3,-0.69,-0.44,-0.44,0,-0.82
"Termopuerto Limitada  ",-0.69,-0.3,-0.44,-0.44,0,-0.82
"Terravías S.R.L. ",-0.3,-0.69,-0.44,-0.44,0,-0.82
"Tibisay Lucena Ramírez ",-0.69,-0.3,-0.44,-0.44,0,-0.82
"Tierra Fértil Foundation ",-0.69,-0.3,-0.44,-0.44,0,-0.82
"Tindaya Properties Holding USA Corp. ",-0.69,-0.3,-0.44,-0.44,0,-0.82
"Tindaya Properties of New York II Corp. ",-0.69,-0.3,-0.44,-0.44,0,-0.82
"Tindaya Properties of New York, Corp. ",-0.69,-0.3,-0.44,-0.44,0,-0.82
"Tobías Ramírez Urbina ",-0.69,-0.3,-0.44,-0.44,0,-0.82
"Tomas Alberto Clarke Bethancourt ",-0.69,-0.3,-0.44,-0.44,0,-0.82
"Tomas Andrea Schwab Romaniuk ",-0.3,-0.69,-0.44,-0.44,0,-0.82
"Tovase Development Corp ",-0.69,-0.3,-0.44,-0.44,0,-0.82
"Tradequip Spain, Inspection and Logistics. ",-0.69,-0.3,-0.44,-0.44,0,-0.82
"Tradex Company S.A., Inc.  ",-0.69,-0.3,-0.44,-0.44,0,-0.82
"Trading Energy and Coal  ",-0.69,-0.3,-0.44,-0.44,0,-0.82
"Trafigura Beheer B.V. ",-0.69,-0.3,-0.44,-0.44,0,-0.82
"Trafigura Trading Llc. ",-0.3,-0.69,-0.44,-0.44,0,-0.82
"Transporte Pedro Camejo S.A ",-0.3,-0.69,-0.44,-0.44,0,-0.82
"Transportes and Servicios del Caribe TSC ",-0.69,-0.3,-0.44,-0.44,0,-0.82
"Transportes Herfra S.A. ",-0.69,-0.3,-0.44,-0.44,0,-0.82
"Transportes Velmont  ",-0.69,-0.3,-0.44,-0.44,0,-0.82
"Treasury of Criptoactivos de Venezuela, S.A. ",-0.3,-0.69,-0.44,-0.44,0,-0.82
"Tribunal ",-0.69,-0.3,-0.44,-0.44,0,-0.82
"Triplus Inc. ",-0.69,-0.3,-0.44,-0.44,0,-0.82
"Trismas Fundation ",-0.69,-0.3,-0.44,-0.44,0,-0.82
"Tristaina Trading S.A. ",-0.69,-0.3,-0.44,-0.44,0,-0.82
"Trocana World Inc. ",-0.69,-0.3,-0.44,-0.44,0,-0.82
"Trolebús Mérida C.A  ",-0.69,-0.3,-0.44,-0.44,0,-0.82
"Trujillo State Government ",-0.69,-0.3,-0.44,-0.44,0,-0.82
"TRV S.R.L  ",-0.69,-0.3,-0.44,-0.44,0,-0.82
"Tse Arietis ",-0.69,-0.3,-0.44,-0.44,0,-0.82
"Tsunami Investments, Inc. ",-0.69,-0.3,-0.44,-0.44,0,-0.82
"Tu Financiera de RL  ",-0.69,-0.3,-0.44,-0.44,0,-0.82
"Tucumana Paramerica ",-0.3,-0.69,-0.44,-0.44,0,-0.82
"Tulio Anibal Farias Pérez ",-0.3,-0.69,-0.44,-0.44,0,-0.82
"Union Bank ",-0.3,-0.69,-0.44,-0.44,0,-0.82
"Unique Corporation of Production and Food Services  ",-0.3,-0.69,-0.44,-0.44,0,-0.82
"Unique Social Fund  ",-0.69,-0.3,-0.44,-0.44,0,-0.82
"Unit 45c Holding, LLC ",-0.69,-0.3,-0.44,-0.44,0,-0.82
"United Socialist Party of Venezuela  ",-0.69,-0.3,-0.44,-0.44,0,-0.82
"Uno Valores Ltd ",-0.69,-0.3,-0.44,-0.44,0,-0.82
"Uptown InterNational,S.A . ",-0.69,-0.3,-0.44,-0.44,0,-0.82
"Vaccaro & Vaccaro ",-0.69,-0.3,-0.44,-0.44,0,-0.82
"Valentina Veroes ",-0.69,-0.3,-0.44,-0.44,0,-0.82
"Valmore Cirilo Torín Ulacio ",-0.69,-0.3,-0.44,-0.44,0,-0.82
"Valverde Overseas S.A. ",-0.69,-0.3,-0.44,-0.44,0,-0.82
"Vamshore Enterprises Limited ",-0.3,-0.69,-0.44,-0.44,0,-0.82
"Vassyly Kotosky Villaroel Ramírez ",-0.69,-0.3,-0.44,-0.44,0,-0.82
"Velox Investmen Service ",-0.3,-0.69,-0.44,-0.44,0,-0.82
"Venchicat Capital, S.A. ",-0.69,-0.3,-0.44,-0.44,0,-0.82
"Vencon Holding ",-0.69,-0.3,-0.44,-0.44,0,-0.82
"Vendig Capital S.A.S. ",-0.69,-0.3,-0.44,-0.44,0,-0.82
"Venedig Foundation ",-0.69,-0.3,-0.44,-0.44,0,-0.82
"Venezolana de Televisión  ",-0.69,-0.3,-0.44,-0.44,0,-0.82
"Venezuela´s Ministry of Infrastructure   ",-0.69,-0.3,-0.44,-0.44,0,-0.82
"Venezuelan Institute of Social Security  ",-0.69,-0.3,-0.44,-0.44,0,-0.82
"Vice - Ministry for the Supreme Socialist People´s Happiness  ",-0.69,-0.3,-0.44,-0.44,0,-0.82
"Vice - Presidency of the Republic ",-0.69,-0.3,-0.44,-0.44,0,-0.82
"Víctor Eduardo Aular Blanco ",3.69,5.35,0.4,37.37,0,15.83
"Víctor Fossi Grieco ",-0.3,-0.69,-0.44,-0.44,0,-0.82
"Víctor Hugo Cano Pacheco ",-0.3,0.5,-0.44,-0.44,0,0.02
"Victor Hugo Matute López ",-0.69,-0.3,-0.44,-0.44,0,-0.82
"Víctor León  ",-0.69,-0.3,-0.44,-0.44,0,-0.82
"Victor Mones Coro ",-0.69,-0.3,-0.44,-0.44,0,-0.82
"Víctor Silva Sosa ",-0.69,-0.3,-0.44,-0.44,0,-0.82
"Victoria Bereziuk ",-0.69,-0.3,-0.44,-0.44,0,-0.82
"Vida y Patrimonio Corretaje de Seguros C.A.  ",-0.3,-0.69,-0.44,-0.44,0,-0.82
"Vinicio Eusebio Micotti Lanz ",-0.69,-0.3,-0.44,-0.44,0,-0.82
"Vitol Energy  Ltd. ",-0.3,-0.69,-0.44,-0.44,0,-0.82
"Vitol S.A.; Vitol, Inc.; Masefield A.G.; Trafigura A.G. ",-0.3,-0.69,-0.44,-0.44,0,-0.82
"Vives y Asociados ",-0.3,-0.69,-0.44,-0.44,0,-0.82
"Vizcaya 602, LLC ",-0.69,-0.3,-0.44,-0.44,0,-0.82
"Vladimir Padrino López ",0.9,-0.3,-0.44,-0.44,0,0.29
"Volbqr Vontobel ",-0.3,-0.69,-0.44,-0.44,0,-0.82
"Vuelos Económicos Centroamericanos  ",-0.69,-0.3,-0.44,-0.44,0,-0.82
"Vuelos Económicos Centroamericanos S.A. ",-0.3,-0.69,-0.44,-0.44,0,-0.82
"W Altrop Consultants, C.A. ",-0.69,-0.3,-0.44,-0.44,0,-0.82
"Wakil Properties, LLC ",-0.3,-0.69,-0.44,-0.44,0,-0.82
"Wakilisimo, LLC ",-0.69,-0.3,-0.44,-0.44,0,-0.82
"Walid Makled García ",20.02,-0.3,16.36,-0.44,0,19.16
"Walter Alexander del Nogal Márquez ",-0.3,-0.69,2.08,-0.44,0,0.02
"Walter Jacob Gavidia Flores ",-0.69,-0.3,-0.44,-0.44,0,-0.82
"Wang Hong ",-0.69,-0.3,-0.44,-0.44,0,-0.82
"Wendy Paola Cedeño Lojano ",-0.3,-0.69,-0.44,-0.44,0,-0.82
"Wendy´s of Venezuela ",-0.3,-0.69,-0.44,-0.44,0,-0.82
"Westshore International Limited ",-0.69,-0.3,-0.44,-0.44,0,-0.82
"Whangarei Asset Corp ",-0.69,-0.3,-0.44,-0.44,0,-0.82
"White Eagle Financial Management Corp. ",-0.69,-0.3,-0.44,-0.44,0,-0.82
"Whiteswan Corp. ",-0.69,-0.3,-0.44,-0.44,0,-0.82
"Wilber Varela ",-0.69,-0.3,-0.44,-0.44,0,-0.82
"Will Veloza Valero ",0.1,-0.3,1.24,-0.44,0,0.29
"William Antonio Contreras ",3.29,-0.3,-0.44,-0.44,0,1.96
"William Ojeda ",-0.69,-0.3,-0.44,-0.44,0,-0.82
"Wilmar Alfredo Castro Soteldo ",-0.69,-0.3,-0.44,-0.44,0,-0.82
"Wilmer José Ruperti Perdomo ",-0.69,-0.3,-0.44,-0.44,0,-0.82
"Wilson Lalea ",-0.69,-0.3,-0.44,-0.44,0,-0.82
"Windham Commercial Group Inc. ",-0.3,-0.69,-0.44,-0.44,0,-0.82
"Winston Jose Velazco Flores ",-0.29,-0.3,-0.44,-0.44,0,-0.54
"Wladimir Erlenis Ramos Gómez ",-0.69,-0.3,-0.44,-0.44,0,-0.82
"Wolfram Kuoni ",-0.69,-0.3,-0.44,-0.44,0,-0.82
"Workers Bank  ",-0.3,-0.69,-0.44,-0.44,0,-0.82
"Worldwide Traders Line, S.A. ",-0.69,-0.3,-0.44,2.08,0,0.02
"Worldwide Wealth Management PCC ",-0.3,-0.69,-0.44,-0.44,0,-0.82
"Xabier Anchustegui ",-0.69,-0.3,-0.44,-0.44,0,-0.82
"Xavier Antonio Moreno Reandes ",-0.69,-0.3,-0.44,-0.44,0,-0.82
"Yakima Oil Trading LLP ",-0.69,-0.3,-0.44,-0.44,0,-0.82
"Yakima Trading Corp. ",0.1,-0.3,-0.44,0.4,0,0.02
"Yariela L. Aguilar R. ",-0.69,-0.3,-0.44,-0.44,0,-0.82
"Yesenia Serret Aponte ",-0.69,-0.3,-0.44,-0.44,0,-0.82
"Yosser Gavidia Flores ",1.59,0.9,2.08,0.4,0,1.68
"Yoswal Gavidia Flores ",-0.69,-0.3,-0.44,-0.44,0,-0.82
"YPP Latam Holdings Corp  ",-0.69,-0.3,-0.44,-0.44,0,-0.82
"YPP Offshore Holdings Corp ",-0.69,-0.3,-0.44,-0.44,0,-0.82
"YPP Us Holdings Corp ",-0.69,-0.3,-0.44,-0.44,0,-0.82
"Yutong Hongkong Limited ",-0.69,-0.3,-0.44,-0.44,0,-0.82
"Zaidan Amin El Aissami ",-0.3,-0.69,-0.44,-0.44,0,-0.82
"Zeinal Bava ",-0.69,-0.3,-0.44,-0.44,0,-0.82
"Zenaida Claret Urbano-Taylor Romero ",-0.69,-0.3,-0.44,-0.44,0,-0.82
"ZGR International Corporation ",-0.69,-0.3,-0.44,-0.44,0,-0.82
"Zigor Corporation SA ",-0.69,-0.3,-0.44,-0.44,0,-0.82
"Zoitron S.A.  ",-0.69,-0.3,-0.44,-0.44,0,-0.82
"Zulia State Government ",-0.69,-0.3,-0.44,-0.44,0,-0.82
